Name,Global sales
Nicktoons: MLB,2.0566177
Shonen Jump's One Piece: Grand Battle,1.9908221
Learn Math,2.0669193
Nitrobike,1.9761415
Cruise Ship Vacation Games,2.0669193
Pro Yaky? Spirits 6,0.30989516
Paperboy / Rampage,2.391332
Shiren the Wanderer 4 - God's Eye and the Demon's Navel,0.31355268
Vampire Moon: The Mystery of the Hidden Sun,2.2694767
Sentou Kokka Air Land Battle,0.18923247
Quick Yoga Training,2.0385544
Attack on Titan (KOEI),0.266139
NTRA Breeders' Cup World Thoroughbred Championships,1.9908221
Hulk Hogan's Main Event,1.9178562
Tak 2: The Staff of Dreams,2.014481
Destroy All Humans! Big Willy Unleashed,2.0385544
Retro Atari Classics,1.9754784
Imagine: Fashion Designer,1.9178562
Need for Speed Underground 2,2.0464983
My Spanish Coach,2.0385544
Ys: The Ark of Napishtim,1.9908221
Dragon Quest Heroes II: Twin Kings and the Prophecy's End,0.266139
Dragon Age Origins: Awakening,1.5678444
Azure Dreams,1.9323797
Divinity II: The Dragon Knight Saga,2.2058418
SingStar Latino,2.0386622
Kung Fu Panda 2,2.0856528
NHL 2K8,1.9511602
Pro Baseball Spirits 2015,0.27667364
Haunted House,2.0673466
Top Spin 3,2.1662652
Syberia,1.8637233
Kurt Warner's Arena Football Unleashed,1.9705913
Puzzle Kingdoms,2.0669193
Hyperdimension Neptunia,0.61252224
Life is Strange,1.9970315
Suite PreCure: Melody Collection,0.30939072
NHL 2K9,2.076892
Shin Megami Tensei: Devil Summoner 2 - Raidou Kuzunoha vs. King Abaddon,2.076892
Rogue Ops,1.9894552
NBA Hoopz,1.9807584
Transworld Surf,2.091941
History Civil War: Secret Missions,2.0385544
MLB 11: The Show,1.8332462
Castrol Honda Superbike Racing,1.9470484
X-Blades,1.6202803
Teenage Mutant Ninja Turtles: Danger of the Ooze,2.055833
Army Men: Green Rogue,1.7277493
Chessmaster,2.014481
Brain Assist,2.0130832
Freddi Fish: ABC under the sea,2.0385544
Adventures to Go!,1.8345654
Monster Rancher DS,1.1980453
Peter Jackson's King Kong: The Official Game of the Movie,1.9754784
Superman: The Man of Steel,1.9824412
Kororinpa: Marble Mania,1.6303892
Ken to Mahou to Gakuen Mono. 3,0.31355268
The Flintstones: Bedrock Bowling,1.9705913
NHL 2003,1.9824412
Chicken Run,1.9705913
Injustice: Gods Among Us,1.3209479
Fatal Inertia,2.0130832
Over the Hedge: Hammy Goes Nuts!,1.9928846
Phantom Brave: We Meet Again,2.1046386
NHL 2K9,1.9761415
Shining Force III,0.19746634
Jikkyou Powerful Pro Yakyuu 2011 Ketteiban,0.30939072
Tales of the Heroes: Twin Brave,0.2978344
WWE Survivor Series,2.1814117
Kouchuu Ouja Mushi King: Greatest Champion e no Michi DS 2,0.2580331
Kung-Fu: High Impact,2.3157003
Euro Truck Simulator 2,1.7152674
Bakugan: Battle Trainer,2.0673466
Super Robot Wars BX,0.27667364
Tomb Raider: Legend,2.0755928
Nagano Winter Olympics '98,1.9323797
I Spy: Universe,2.0673466
Ninjatown,2.0385544
Warcraft III: Reign of Chaos,1.859108
Winning Post 5,0.2135759
Frogger Beyond,1.9824412
Lord of the Rings: Tactics,1.8819745
RPG Maker II,1.7322655
The Oregon Trail,2.0566177
Alone in the Dark: Inferno,1.8766854
TRON: Evolution,1.9220614
Gravity Rush Remastered,1.1125486
Destruction Derby Arenas,1.7488894
Dengeki Bunko Fighting Climax,0.5017575
MLB Power Pros 2008,1.8345654
Littlest Pet Shop: Spring,2.0669193
The Unholy War,1.9470484
Cabela's Dangerous Hunts 2009,2.0385544
Rumble Roses XX,1.1685615
Total War: WARHAMMER,1.767946
Wantame Music Channel: Doko Demo Style,0.27405024
Disney's Winnie the Pooh's Rumbly Tumbly Adventure,1.8115914
Shaman King: Power of Spirit,1.7488894
Anno 1701: Dawn of Discovery,2.0386622
Soccer Tsuku DS: World Challenge 2010,0.31355268
The BIGS 2,2.0669193
LEGO Legends of Chima: Laval's Journey,1.3733594
DreamWorks Super Star Kartz,1.6431725
Contra III: The Alien Wars,0.1719585
The Amazing Race,2.0673466
Dead to Rights: Reckoning,1.9754784
Slime MoriMori Dragon Quest 3: Taikaizoku to Shippo Dan,0.30939072
NBA 08,2.0130832
Hasbro Family Fun Pack,1.947206
Amagami,0.30989516
No Fear Downhill Mountain Biking,1.9470484
NCIS,2.0605814
The IdolM@ster: One for All,0.28524274
Fire ProWrestling,1.7639861
Eternal Poison (JP sales),0.29243594
Mission: Impossible - Operation Surma,1.9894552
Legendary,1.6222134
Chuck E. Cheese's Game Room,2.0673466
MX 2002 Featuring Ricky Carmichael,1.9857719
Romance of the Three Kingdoms IV: Wall of Fire,1.247134
Illusion of Gaia,0.17642283
Batman: Arkham Knight,2.000998
Disney's Kim Possible: Kimmunicator,1.8819745
Mega Man Anniversary Collection,2.050232
Sally's Salon,2.0385544
Disruptor,1.9072208
Pro Evolution Soccer 2017,1.0822563
Zoobles! Spring to Life!,1.9178562
Diablo II,1.5848258
Shrek Smash n' Crash Racing,2.0755928
F1 2011,1.5474283
Drakengard 2,1.7599094
Ben 10 Galactic Racing,1.9403772
Grand Knights History,0.30939072
Scene It? Bright Lights! Big Screen!,1.7038805
Harvest Moon DS (jp sales),0.24162951
Castlevania: Legacy of Darkness,1.2955191
Sin and Punishment,0.20954874
NBA Jam 2000,1.9723802
Sonic Riders,2.0755928
Shrek Super Party,1.9824412
Venetica,1.9168212
Rally Fusion: Race of Champions,1.7322655
The House of the Dead,0.19746634
Transformers: Prime,1.9693608
Persona 4: Arena,1.3162853
Street Fighter IV,2.0315807
Cabela's Alaskan Adventure,1.9928846
RealSports Volleyball,1.9054983
Heroes of the Pacific,2.050232
RollerCoaster Tycoon,1.9894552
NightCaster,1.9824412
FIFA World Cup Germany 2006,2.0755928
Space Camp,2.0669193
Hitman 2: Silent Assassin,1.9894552
Lovely Lisa and Friends,2.0673466
Digimon Racing,1.7798953
All Star Cheer Squad 2,2.0669193
Ape Escape 3,1.7599094
"Crouching Tiger, Hidden Dragon",1.7373097
Final Fantasy XIV: Heavensward,1.0918927
Last Bronx,0.19343913
Secret Agent Clank,1.1183693
Barbie and the Three Musketeers,2.0669193
Science Papa,1.9878697
Momotaro Douchuuki,0.19746634
Iridion II,1.759186
Whiplash,1.7373097
007: Quantum of Solace,1.9761415
Family Fortunes,1.7422402
Borderlands: Double Game Add-On Pack,1.9220614
Farming Simulator 2011,1.9393938
Watch Dogs,2.1233351
BlazBlue: Continuum Shift II,0.8160876
Summon Night: Twin Age,0.90134335
Spider-Man: Battle for New York,1.9928846
Pop'n Music Portable,0.31355268
Nintendo Puzzle Collection,0.27131927
Destroy All Humans! Path of the Furon,2.0182102
Army Men: Soldiers of Misfortune,2.0385544
Game Party: Champions,1.9693608
Otogi: Myth of Demons,1.5944993
Margot's Word Brain,2.0385544
Peppa Pig: Fun and Games,1.5199513
Dreamworks 2-in-1 Party Pack,2.0673466
Alter Echo,1.7373097
Walt Disney Pictures Presents: The Wild,1.8291984
Green Lantern: Rise of the Manhunters,1.9403772
Puzzle de Harvest Moon,2.0130832
Metal Max 3,0.31355268
Rock Band Track Pack Volume 1,1.8013453
Puyo Puyo!! 20th Anniversary,0.30939072
My Baby: First Steps,2.0669193
Namco Soccer Prime Goal,0.1420523
NBA 08,1.7966285
Monster Hunter Frontier Online,0.31355268
Shin Megami Tensei: Digital Devil Saga,1.7488894
Deception IV: Blood Ties,0.6042829
Rango: The Video Game,2.0534723
Assassination Classroom: Grand Siege on Kuro-sensei,0.27667364
Megamind: The Blue Defender,1.6274583
Puppies 3D,2.0605814
Cars 2,1.6932766
The Stronghold Collection,1.6845493
Jissen Pachi-Slot Hisshouhou! Aladdin II Evolution,0.24162951
Mystic Ark,0.18923247
One Piece: Unlimited World Red,1.147067
The Price is Right 2010 Edition,2.0669193
Cabela's Dangerous Hunts 2009,2.0385544
Ty the Tasmanian Tiger 2: Bush Rescue,1.7798953
Teenage Mutant Ninja Turtles 2: Battle Nexus,2.014481
Tom Clancy's Splinter Cell: Double Agent,1.6422567
LEGO Racers 2,1.7277493
Eat Lead: The Return of Matt Hazard,1.5885746
Yu-Gi-Oh! Nightmare Troubadour (JP sales),0.51798797
Backyard Baseball,1.9894552
Star Wars: Lethal Alliance,1.9146991
Naruto Shippuden: Kizuna Drive,0.861869
Under Night In-Birth,0.88832974
Sega GT,0.20954874
Steel Battalion: Heavy Armor,1.5068092
Green Lantern: Rise of the Manhunters,1.7753935
Legends of Wrestling,1.9824412
Fit in Six,2.0566177
Gunstar Heroes,0.1719585
All-Star Baseball 2004,1.9894552
Tamagotchi no Pichi Pichi Omisecchi,0.31355268
Shining Wind,0.27405024
Rock Band Track Pack Volume 2,1.7992623
Dokapon Kingdom,2.0385544
Onechanbara: Bikini Samurai Squad,1.9146991
Portal Runner,1.7277493
Pokémon: For Ho-Oh the Bells Toll!: Game Boy Advance Video,1.7798953
Warriors Orochi 2,1.8013453
Hyperdevotion Noire: Goddess Black Heart,0.601671
Disney's Winnie the Pooh's Rumbly Tumbly Adventure,1.7599094
Assault: Retribution,1.9470484
Sengoku Basara 3 Utage,0.30939072
Spartan: Total Warrior,2.050232
City Crisis,1.7277493
Zapper: One Wicked Cricket!,1.9824412
Smart Boy's Gameroom,2.0130832
Victorious: Time to Shine,2.0566177
Star Wars: Clone Wars,1.9894552
High Rollers Casino,2.014481
Advent Rising,2.050232
Surf Riders,1.9601398
Torino 2006,1.7725723
Nobunaga no Yabou: Ranseiki,0.21760365
Derby Stallion Advance,0.14522466
The X-Factor,1.320713
Monopoly Party,1.9824412
Snood,1.7639861
TOCA Race Driver 2: Ultimate Racing Simulator,1.7798953
Monster Jam: Urban Assault,1.8013453
DT Racer,1.7599094
Soccer Tsuku: Pro Soccer Club o Tsukurou!,0.286954
World Cup Golf: Professional Edition,1.9072208
NBA 2K13,1.8006525
Black Dawn,1.9189827
428: Fuusa Sareta Shibuya de,0.29243594
7 Wonders of the Ancient World,1.6564944
Kelly Slater's Pro Surfer,1.761116
Top Shot Arcade,2.0566177
Warriors of Might and Magic,1.9807584
Twister Mania,1.6932766
Drome Racers,1.7322655
Gungnir: Mayari no Gunshin to Eiyuu Sensou,0.86463463
X-Men: Next Dimension,1.9824412
Dynasty Warriors 5 Empires,1.9146991
Fuse (Insomniac),1.9940183
WipeOut 3 The Game,1.7830505
7th Dragon 2020-II,0.286954
Doukyuusei 2,0.19746634
Aikatsu! 365 Idol Days,0.28524274
SkullMonkeys,1.9470484
Burnout,1.761116
Baroque,1.4545437
SBK 2011: FIM Superbike World Championship,1.3599961
Jurassic: The Hunted,2.0669193
Dynasty Warriors: Gundam Reborn,0.286954
Little Battlers eXperience: Wars,0.286954
DreamWorks Super Star Kartz,1.6431725
Hour of Victory,1.6564944
Indianapolis 500 Legends,2.0130832
NBA Ballers: Phenom,1.8291984
Shimano Xtreme Fishing,2.0669193
Crash Tag Team Racing,1.8115914
Freedom Fighters,1.9894552
Yu-Gi-Oh! GX: Tag Force,1.5525795
NBA 2K17,1.598289
Mega Man X Collection,2.0755928
Left Brain Right Brain 2,2.0385544
Detana TwinBee Yahho! Deluxe Pack,0.18923247
Last Ranker,0.31355268
Quantum Redshift,1.761116
The History Channel: Great Battles - Medieval,2.0396857
Smash Court Tennis Pro Tournament 2,1.7488894
Brothers in Arms: Double Time,1.7992623
Legends of Wrestling II,1.761116
Power Pro Kun Pocket 13,0.31355268
Armed and Dangerous,1.759186
Football Manager 2012,1.0861995
Project CARS,1.7399256
Teenage Mutant Ninja Turtles: Arcade Attack,2.0669193
World Soccer Winning Eleven 2002,0.14522466
Actua Tennis,1.9323797
Monster Truck Madness,1.759186
Resident Evil,0.15181711
Sonic Jam,0.15122363
Puella Magi Madoka Magica Portable,0.15979305
Peter Jacobsen's Golden Tee Golf,1.9705913
Space Bust-A-Move,1.8637233
Avatar: The Last Airbender - Into the Inferno,1.9761415
Deadpool,2.000998
Disney's Atlantis: The Lost Empire,1.7639861
Nippon Daihyou Team no Kantoku ni Narou! Sekaihatsu Soccer RPG,0.15421697
Just Cause 2,1.320713
Crush3D,1.8006525
LEGO Marvel's Avengers,1.2811353
High Velocity: Mountain Racing Challenge,0.1420523
NeverDead,1.6423748
Capcom vs. SNK 2: Millionaire Fighting 2001,0.14837837
Criticom,1.9189827
Mega Man X: Command Mission,1.7554877
Charm Girls Club: My Fashion Mall,2.0090868
SCORE International Baja 1000: The Official Game,1.9761415
Deepak Chopra's Leela,1.6932766
Need for Speed: ProStreet,1.9511602
DiRT Rally,2.0317454
NHL 2K7,1.7460666
Go Play: Circus Star,2.0669193
Worms 3D,1.7373097
Gladiator Begins,0.7610005
Clock Tower: The First Fear,0.15122363
Sleeping Dogs,1.8487697
Kidou Senshi Gundam Seed Battle Destiny,0.15979305
Diner Dash: Sizzle & Serve,1.7708573
Impossible Mission,1.7708573
"Kilari: Na-san, Mon Meilleur Ami",0.15181711
Strikers 1945,1.9470484
Ochaken no Heya DS,0.15181711
Fire ProWrestling S: 6Men Scramble,0.1483764
Galidor: Defenders of the Outer Dimension,1.761116
Pryzm Chapter One: The Dark Unicorn,1.7322655
Gundam Battle Royale,0.15181711
F1 2016 (Codemasters),1.7661042
Eat Lead: The Return of Matt Hazard,1.7038805
Karaoke Revolution,2.0669193
Zen-Nippon Pro Wrestling: Ouja no Kon,0.15468544
NASCAR 2005: Chase for the Cup,1.7554877
Are You Smarter than a 5th Grader? Game Time,2.0669193
"Hisshou Pachinko*Pachi-Slot Kouryaku Series Vol. 12: CR Shinseiki Evangelion - Shito, Futatabi",0.15688157
Guilty Gear X,1.7277493
Obscure: The Aftermath,1.7992623
One Piece: Pirate Warriors 2,0.1571526
Gotouchi Tetsudou: Gotouchi Chara to Nihon Zenkoku no Tabi,0.15580475
NHL 2002,1.761116
Mugen no Frontier: Super Robot Taisen OG Saga EXCEED,0.16540435
Etrian Odyssey V,0.13527232
Disney's PK: Out of the Shadows,1.7322655
Wild Earth: African Safari,1.8637233
Echo Night,0.7869611
Wild ARMs 5 (jp sales),0.15181711
Record of Agarest War Zero,1.3897493
Colony Wars III: Red Sun,1.9705913
Magic: The Gathering - Battlemage,1.9323797
Rocksmith,1.5302191
Backyard Baseball '09,1.7992623
James Bond 007: Legends,1.8487697
Conception II: Children of the Seven Stars,1.382925
The King of Fighters '94,0.1338211
DS Yamamura Misa Suspense: Maiko Kogiku - Kisha Katherine - Sougiya Isa Akashi - Koto ni Maru Hana Sanrin: Kyoto Satujin Jinken File,0.15688157
All Kamen Rider: Rider Generation,0.16312832
The King of Fighters '98 Ultimate Match,1.0234212
Reader Rabbit Kindergarten,2.0673466
Puzzle Quest: Challenge of the Warlords,1.7966285
Chessmaster: The Art of Learning,1.7992623
Guardian's Crusade,1.9470484
MotoGP 3 - Official Game of MotoGP,1.7373097
Lego Star Wars: The Force Awakens,1.914599
Makai Kingdom: Chronicles of the Sacred Tome,1.7599094
Lemony Snicket's A Series of Unfortunate Events,1.7798953
Gundam Breaker 3,0.13527232
Neopets Petpet Adventures: The Wand of Wishing,1.7460666
The Ant Bully,1.5525795
M&M's Kart Racing,1.7992623
Bomberman Party Edition,1.9470484
Ice Age: Dawn of the Dinosaurs,1.5885746
SingStar Vol. 3,1.3678789
Star Trek: Conquest,1.9511602
My Fitness Coach: Club,1.3173524
Major League Baseball 2K8 Fantasy All-Stars,1.7992623
Eyeshield 21: Max Devil Power,0.15181711
Summon Night 3,0.15979305
O.D.T.: Escape... Or Die Trying,1.9323797
Madden NFL 06,1.7085493
Rango: The Video Game,1.7753935
Break 'Em All,1.7085493
Super Robot Wars OG Saga: Masou Kishin II - Revelation of Evil God,0.15386236
Mobile Suit Gundam Seed: Rengou vs. Z.A.F.T. Portable,0.15429091
San Goku Shi V,0.1483764
Red Faction II,1.759186
Go! Sudoku,1.7085493
Daikaijyuu Monogatari II,0.1483764
Rock Band Track Pack Volume 2,1.8013453
Voodoo Vince,1.759186
Disney Sing It: Party Hits,1.697325
Gundam Memories: Tatakai no Kioku,0.16312832
Everybody Dance,1.7826097
Kaijuu Busters,0.16279754
Blackwater,1.6303039
Tom Clancy's Ghost Recon,1.697325
Ferrari Challenge Trofeo Pirelli,1.8013453
Moshi Monsters: Katsuma Unleashed,1.5054641
Virtua Fighter CG Portrait Series Vol.4: Pai Chan,0.1420523
Chase: Hollywood Stunt Driver,1.761116
Mobile Suit Gundam Side Story: Missing Link,0.15580475
Thor: God of Thunder,1.6431725
The X Files: Resist or Serve,1.7488894
Touch My Katamari,1.3848091
PixelJunk Monsters Deluxe,1.7828507
Saru! Get You! Million Monkeys,0.15386236
Legend of the Guardians: The Owls of Ga'Hoole,1.9760513
Ben 10 Galactic Racing,1.6431725
Curious George,1.7725723
Killer is Dead,1.4728923
Don Bradman Cricket 14,1.4073002
Megamind: Ultimate Showdown,1.7586963
Zathura,1.7599094
Medarot DS: Kabuto / Kuwagata Ver.,0.16540435
Atelier Sophie: The Alchemist of the Mysterious Book,0.7048377
Mytran Wars,1.3379467
Making History: The Great War,0.16540435
NCIS,1.7753935
Undead Knights,0.49932435
Ninja Reflex,1.7992623
Cel Damage,1.7639861
Lovely Lisa,1.7708573
Dance Paradise,1.697325
SSX 3,1.759186
Sword Art Online: Hollow Fragment,1.3397707
Supremacy MMA,1.3848091
Yamakawa Shuppansha Kanshuu: Shousetsu Nihonshi B,0.15429091
The God of War Trilogy,0.8532493
Lunar: Dragon Song,1.7085493
Breakdown,1.7798953
Rush,1.7460666
Ecco the Dolphin,0.12391406
Solitaire & Mahjong,1.7956161
Venetica,1.3790901
Looney Tunes: Sheep Raider,1.9807584
Horse Life,1.5720079
Geometry Wars: Galaxies,1.7708573
Robinson: The Journey,1.267034
Conduit 2,1.7753935
Harvest Moon 2 GBC,0.15468544
Zenses: Rainforest,1.6887059
Backyard Baseball '10,1.7956161
Rise of the Tomb Raider,1.5365229
The Lord of the Rings: Aragorn's Quest,1.1106961
X2: Wolverine's Revenge,1.4864595
Cabela's Dangerous Hunts 2011,1.7828507
Hatsune Miku: Project Diva X,0.06464085
Deadliest Catch: Sea of Chaos,1.7828507
McDROID,0.16312832
Destiny: The Collection,1.8563492
Lego Star Wars: The Force Awakens,1.8563492
Gallop Racer 2000,0.021784961
Showdown: Legends of Wrestling,1.7798953
Godzilla Unleashed: Double Smash,1.7708573
My Farm Around the World,1.7992623
Macross Triangle Frontier,0.16312832
SpongeBob's Surf & Skate Roadtrip,1.6932766
Farming Simulator 17,1.8033264
Dishonored 2,1.8033264
NASCAR Unleashed,1.7826097
The Smurfs 2,1.6992373
Street Hoops,1.5676482
Backyard Sports Football: Rookie Rush,1.7828507
Transformers: War for Cybertron -- Decepticons,1.9760513
Rocket: Robot on Wheels,1.6935651
Densha De Go! 64,-0.5896402
NFL QB Club 2001,1.7439075
Earthworm Jim 3D,1.6935651
NPPL: Championship Paintball 2009,1.6887059
Shin Megami Tensei: Devil Survivor 2,0.23139292
Atelier Annie: Alchemists of Sera Island,1.1125169
WRC: FIA World Rally Championship,1.387224
PBR: Out of the Chute,1.7992623
WWE SmackDown vs Raw 2008,1.7708573
Godzilla: Destroy All Monsters Melee,1.8459198
College Hoops 2K6,1.7460666
Sega Soccer Slam,1.7322655
Dragon Quest Builders: Revive Alefgard,0.13527232
Dora the Explorer: Dora Saves the Mermaids,1.8013453
2 Games in 1 Double Pack: Hot Wheels Velocity X / Hot Wheels World Race,1.8115914
DiRT 2,1.5161729
Mahou Shoujo Lyrical Nanoha A's Portable: The Gears of Destiny,0.16312832
Dodge Racing: Charger vs Challenger,1.7956161
Fate/Extra CCC,0.1571526
Greg Hastings Paintball 2,1.7828507
Fat Princess: Fistful of Cake,1.3394246
MTV Sports: Pure Ride,1.9705913
Burning Road,1.9189827
Sonic Adventure 2,0.14837837
IndyCar Series,1.7373097
Slayers,0.1338211
Super Robot Wars OG Saga: Masou Kishin - The Lord of Elemental,0.16540435
Space Chimps,1.8013453
Backyard Sports Football: Rookie Rush,1.7828507
Crash Superpack: Crash Bandicoot 2: N-Tranced / Crash Nitro Kart,1.8115914
Famicom Mini: TwinBee,0.14614558
Tony Hawk's Pro Skater 5,1.7008905
Gladiator: Sword of Vengeance,1.7373097
Rodea the Sky Soldier,1.5049663
The Daring Game for Girls,1.766638
Yakuza Kiwami,0.13527232
DreamWorks Super Star Kartz,1.6431725
Pinball Hall of Fame: The Williams Collection,1.7956161
Ultimate Card Games,1.759186
Jikkyou Powerful Pro Yakyuu 8 Ketteiban,0.14837837
NBA 2K17,1.714293
Academy of Champions: Soccer,1.5885746
Overlord: Raising Hell,1.3683064
Wallace & Gromit: Curse of the Were-Rabbit,1.7599094
Power Gig: Rise of the SixString,1.7828507
Mountain Sports,1.7956161
Puzzle Kingdoms,1.7956161
Skylanders: SuperChargers,1.8314726
Monster Jam: Path of Destruction,1.7828507
The Bible Game,1.8115914
NFL Head Coach,1.8291984
Just Dance: Disney Party,1.5555174
Medarot 4: Kabuto / Kuwagata Version,0.14837837
Deca Sports Extreme,1.1065322
Kidz Sports: Crazy Golf,1.7992623
Major League Baseball 2K6,1.766638
Mahou Shoujo Lyrical Nanoha A's Portable: The Battle of Aces,0.16540435
Deepak Chopra's Leela,1.7753935
"Ed, Edd n Eddy: The Mis-Edventures",1.5724475
Onimusha: Blade Warriors,1.7373097
One Piece: Super Grand Battle! X,0.15580475
Disney's Extreme Skate Adventure,1.4864595
Akuji the Heartless,1.6894855
NBA 2K2,1.468435
Akiba's Trip: Undead & Undressed,1.1226811
Psychonauts,1.8115914
Tales of Berseria,0.13527232
Jeremy McGrath Supercross World,1.468435
Uta no * Prince-Sama: All Star,0.1571526
HardBall 5,1.6697831
Airborne Troops: Countdown to D-Day,1.7599094
MLB Inside Pitch 2003,1.759186
Jikkyou Powerful Pro Yakyuu 2014,0.15580475
Skate City Heroes,1.7992623
The Sky Crawlers: Innocent Aces,1.4449208
Battle Arena Toshinden Remix,0.1338211
nail'd,1.3394246
Legends of Wrestling II,1.468435
Lost Magic,1.3993895
A.C.E.: Another Century's Episode Portable,0.16312832
Jaws: Ultimate Predator,1.7826097
Marvel Avengers: Battle for Earth,1.531434
Jikkyou Powerful Pro Yakyuu 9,0.016724944
Rock Band: Metal Track Pack,1.7956161
Alice: Madness Returns,1.3173524
Barbie as The Island Princess,1.5290558
Crime Killer,1.6894855
Petz Puppyz & Kittenz,1.7826097
Backyard Wrestling 2: There Goes the Neighborhood,1.7798953
Raiden IV,1.554944
MX vs. ATV Untamed,1.7708573
Tom Clancy's Splinter Cell: Blacklist,1.7679706
SD Gundam G Generation-F.I.F,0.018780172
Bishoujo Senshi Sailormoon S: Juugai Rantou!? Shuyaku Soudatsusen,0.1338211
Rubik's World,1.6887059
Zenses: Ocean,1.6887059
Phantasy Star Universe,1.3886781
Peggle: Dual Shot,1.7956161
NPPL: Championship Paintball 2009,1.7992623
Spider-Man: Edge of Time,1.6431725
Cruis'n,1.6564944
Samurai Warriors 4-II,0.7048377
Harukanaru Augusta 2: Masters,0.12784538
Castlevania: Curse of Darkness,1.8115914
SimAnimals Africa,1.7038805
Love Live! School Idol Paradise,0.15580475
Lost Planet 3,1.5354414
Battles of Prince of Persia,1.6210463
The Clique: Diss and Make Up,1.7956161
Mobil 1 Rally Championship,1.7163358
USA Today Crossword Challenge,1.7992623
King of Colosseum (Red): Shin Nippon x Zen Nippon x Pancrase Disc,0.14522466
Turok: Evolution,1.547789
Charm Girls Club: My Perfect Prom,1.7956161
Marvel Trading Card Game,1.7708573
Rugrats: Totally Angelica,1.4743893
Nightshade,1.4845735
Brunswick Pro Bowling,1.7826097
CSI: Crime Scene Investigation,1.7798953
Wipeout 2,1.7826097
LEGO Batman 2: DC Super Heroes,1.538377
Ultimate Puzzle Games: Sudoku Edition,1.7708573
Buffy the Vampire Slayer: Chaos Bleeds,1.759186
Onechanbara: Bikini Zombie Slayers,1.7992623
Hanagumi Taisen Columns,0.15122363
Tropico 5,1.6403587
Tales of Destiny 2,0.15429091
Teenage Mutant Ninja Turtles 3: Mutant Nightmare,1.5420978
Reality Fighters,1.5501834
Petz Fantasy: Moonlight Magic,1.7828507
The Price is Right: Decades,1.7826097
Power Pro Kun Pocket 14,0.16312832
Dragon Ball: Origins,1.3317811
Jikkyou Powerful Pro Baseball 2016,0.13527232
FIFA 17,1.5365229
After Hours Athletes,1.3173524
UN Squadron,0.120010465
Tecmo Super Bowl,1.4386277
Disney Princess: Enchanting Storybooks,1.3848091
Dora the Explorer: Journey to the Purple Planet,1.5420978
Lunar 2: Eternal Blue,0.15421697
NHL Powerplay '96,1.4386277
Thousand Arms,1.4439334
Arctic Thunder,1.4654242
Barnyard,1.5525795
2 in 1 Combo Pack: Sonic Heroes / Super Monkey Ball Deluxe,1.4668097
Stolen Song,0.030275643
Armored Core: Verdict Day,0.1571526
Yattaman DS: BikkuriDokkiri Daisakusen da Koron,0.15688157
Madden NFL 17,1.2422998
Harvey Birdman: Attorney at Law,1.5222311
My Chinese Coach,1.6887059
Lost in Shadow,1.3001661
DEATH NOTE: Kira Game,0.15429091
Legend of the Guardians: The Owls of Ga'Hoole,1.697325
Sengoku Cyber: Fujimaru Jigokuhen,0.038156092
Hisshou Pachinko*Pachi-Slot Kouryaku Series Vol.10: CR Shinseiki Evangelion: Kiseki no Kachi,0.15429091
ASH: Archaic Sealed Heat,0.15429091
DreamWorks Super Star Kartz,1.1680616
Dorabase 2: Nettou Ultra Stadium,0.16279754
Where the Wild Things Are,1.7956161
Center Ring Boxing,0.1338211
NHL 2K3,1.468435
Die Hard: Vendetta,1.468435
F1 2002,1.4163139
Every Extend Extra,1.4808348
FIFA Soccer,1.7085493
Cabela's North American Adventures,1.7828507
Darkspore,1.3848091
Self-Defense Training Camp,1.6431725
Sphinx and the Cursed Mummy,1.4864595
Midnight Mysteries: The Edgar Allan Poe Conspiracy,1.6274583
Dynasty Warriors 8: Xtreme Legends,0.58486104
GT Advance 2: Rally Racing,1.5516813
Yakuza,0.028373837
Karaoke Revolution Presents American Idol Encore 2,1.7992623
Deception IV: Blood Ties,0.712485
DOA 2: Dead or Alive 2 Hardcore,0.021784961
Tenchu: Shadow Assassins,0.6182585
Fuse (Insomniac),1.5568335
Cabela's Deer Hunt 2005 Season,1.5175309
SplashDown,1.468435
18 Wheels of Steel: Extreme Trucker 2,1.3413663
Nobunaga no Yabou: Tenshoki,0.038156092
F1 Racing Championship,1.4629629
Dead Man's Hand,1.5175309
Smash Cars,1.4845735
NASCAR 07,1.5195825
Merv Griffin's Crosswords,1.7992623
Tecmo Bowl: Kickoff,1.7992623
Lost Horizon,1.320713
SingStar Latino,1.7956161
NFL Tour,1.6887059
Digimon World 4,1.1139947
MLB 2K9 Fantasy All-Stars,1.0269814
Spectral Force 3,1.0509806
Ford Racing 3,1.0899696
MLB SlugFest Loaded,1.0899696
Sotsugyou Crossworld,-0.36695838
Ty the Tasmanian Tiger 3: Night of the Quinkan,1.1139947
The Amazing Spider-Man (Console Version),0.959499
Ys I & II Chronicles,0.32791862
R: Racing Evolution,0.86961085
Bionicle,0.86961085
The Ant Bully,1.0509806
Risen 3: Titan Lords,0.89543414
Bleach GC: Tasogare Ni Mamieru Shinigami,-0.27327466
Chou Jigen Game Neptune Mk-II,-0.18696165
Battle Fantasia,0.8018016
Jikkyou Powerful Pro Yakyuu 2000 Ketteiban,-0.29221427
Karaoke Revolution,0.89300066
Fire Pro Wrestling Returns,0.724224
Obscure: The Aftermath,0.97462285
Jimmy Neutron: Boy Genius,1.0652375
Henry Hatsworth in the Puzzling Adventure,1.0269814
Derby Stallion,-0.19380432
Rollcage Stage II,0.93008596
Samurai Warriors 2: Xtreme Legends,0.72080874
Dead or Alive 5,1.0810775
Karaoke Joysound Wii DX,-0.17734158
Sloane to MacHale no Nazo no Monogatari 2,-0.17734158
Game Hits!,0.9429117
Spider-Man: Edge of Time,0.9186981
Tabi no Yubisashi Kaiwachou DS: DS Series 4 America,-0.1844188
Invasion From Beyond,0.9301286
Jumper: Griffin's Story,1.0337313
Forgotten Realms: Demon Stone,0.89300066
Major League Baseball 2K7,1.0473824
Rock Band 3,0.9429117
LEGO Star Wars II: The Original Trilogy,0.94630563
Dynasty Warriors 8: Empires,-0.20307529
Batman: A Telltale Game Series,1.0966597
Tim Burton's The Nightmare Before Christmas: Oogie's Revenge,0.930548
Mahjong Master,-0.18768984
Crash Boom Bang!,0.9959979
Royal Palace of White Sword and The City of Gentiles,0.930548
Top Gear Rally,0.86961085
Red Faction: Armageddon,0.65731907
BIT.TRIP COMPLETE,0.9186981
L: the proLogue to DEATH NOTE - Rasen no Wana,-0.17023557
Rugby 15,1.066553
Famicom Mini: Makaimura,-0.27943075
The Witch and the Hundred Knight,0.045505047
XIII,1.0691733
Kuroko's Basketball: Ties to Future,-0.22170198
Data East Arcade Classics,1.0386429
Ski and Shoot,1.0505003
The Incredibles: Rise of the Underminer,0.930548
Theme Hospital,0.43806097
Inazuma Eleven 3,0.8849076
Wizardry: Tale of the Forsaken Land,0.6856279
ShellShock 2: Blood Trails,0.97462285
Just Dance Wii U,-0.20307529
F.E.A.R. Files,0.9913012
ChuChu Rocket!,0.85612226
FIFA 12,-0.4590196
Codename Tenka,0.93109
Savage Skies,0.6924732
Indianapolis 500 Legends,1.0473824
Sega Bass Fishing,-0.19380432
Walt Disney's The Jungle Book: Rhythm N'Groove,0.93008596
Assassin's Creed Chronicles,0.5655954
The Smurfs 2,0.67193717
Lara Croft and the Temple of Osiris,0.6357563
Million God,-0.19957882
Cyberia,0.92806315
The Sims 2: Apartment Life,0.61426455
Killer7,0.724224
Age of Mythology,0.9196768
Busy Scissors,1.0386429
Lost Heroes,-0.18908739
Astro Boy,0.7196295
RollerCoaster Tycoon 3: Platinum,0.6596634
SD Gundam G Generation Genesis,-0.22880429
Wacky World of Sports,1.0269814
Puss in Boots,0.9308927
Monster House,0.94630563
Wing Commander IV: The Price of Freedom,0.93109
Cloudy With a Chance of Meatballs,0.7409429
Charlotte's Web,1.0509806
MetropolisMania,0.6856279
Mystery Stories: Curse of the Ancient Spirits,1.0493337
Shin Megami Tensei: Devil Summoner - Raidou Kuzunoha vs. The Soulless Army,-0.1844188
Bomberman Land Touch!,0.1695117
Monster Jam: Urban Assault,1.0337313
My Make-Up,1.0337313
50 Cent: Bulletproof,1.0509806
Princess Maker 2,-0.3793789
NCAA Football 08,0.9403032
SRS: Street Racing Syndicate,1.0899696
Ephemeral Fantasia,0.6783509
1 vs. 100,1.0337313
Winter Sports 2: The Next Challenge,0.7148737
Destroy All Humans! Path of the Furon,0.8829187
Major League Baseball 2K9,1.0269814
Aibou DS,-0.26254725
Great Party Games,0.59880054
Tokimeki Memorial: Taisen Pazurudama,-0.36695838
Beat Sketch!,-0.27008808
Bleach: Heat the Soul 5,-0.25570953
Koudelka,0.9286748
Animal Planet: Emergency Vets,1.0269814
IHRA Drag Racing: Sportsman Edition,0.72068024
Virtua Fighter CG Portrait Series Vol.2: Jacky Bryant,-0.3793789
Famicom Mini: Famicom Mukashi Banashi - Shin Oniga Shima Zenkouhen,-0.27943075
Counter-Strike: Source,0.61693954
Puzzle Chronicles,0.7355274
Ski-Doo Snowmobile Challenge,1.0269814
Gray Matter,0.70998216
Brain Voyage,0.70171297
America's Army: True Soldiers,1.0473824
Adventure Time: Finn & Jake Investigations,1.066553
Toukiden 2,-0.30965447
Raiden Fighters Aces,0.9368308
My Stop Smoking Coach: Allen Carr's EasyWay,0.7566618
SD Gundam G Generation Genesis,-0.30965447
NASCAR The Game: Inside Line,0.7551478
Star Wars: Empire at War,0.66689885
Pachitte Chonmage Tatsujin 13: Pachinko Hissatsu Shigotojin III,-0.25970697
BlazBlue Central Fiction,0.06192434
Wreckin Crew,0.9301286
Theme Park,-0.3905183
Famicom Mini: Mario Bros.,-0.27943075
RockMan EXE 4.5 Real Operation,-0.27943075
Rescue Heroes: Billy Blazes,0.86961085
Jaws: Ultimate Predator,1.0565481
Are You Smarter Than a 5th Grader? Back to School,1.0386429
Sega GT Online,0.86961085
SingStar: Made In Germany,0.41479307
Derby Tsuku: Derby Uma o Tsukurou!,-0.29221427
Frantix,1.0290056
Knights in the Nightmare,0.49461064
SeaWorld Adventure Parks: Shamu's Deep Sea Adventure,0.930548
Marvel Nemesis: Rise of the Imperfects,1.0290056
Prisoner of War,0.8580011
Konami Classics Vol. 1,1.0269814
Princess Isabella: A Witch's Curse,0.9632649
S.C.A.R.S,0.9301286
The King of Fighters '98: Dream Match Never Ends,0.9286748
The Seven Deadly Sins: Unjust Sin,-0.30376357
ESPN NFL Primetime 2002,0.6856279
Zoids: Legacy,0.86961085
Kidou Senshi Gundam 00,-0.25570953
Nano Assault,1.0565481
Captain America: Super Soldier,0.65731907
Onimusha Tactics,0.86961085
Bomberman Jetters,0.8580011
Nikoli's Pencil Puzzle,0.961835
TOCA Race Driver 3,0.72068024
Mad Dog McCree: Gunslinger Pack,0.7409429
Deadliest Catch: Sea of Chaos,1.0386429
Pac-Man Power Pack,0.7148737
How to Train Your Dragon 2,1.0411376
Blacksite: Area 51,0.9913012
Disney's Donald Duck: Goin' Quackers,0.6783509
Ultimate Brain Games,0.86961085
Charm Girls Club: My Fashion Show,1.0493188
Angry Birds Star Wars,0.42910016
Exit,0.75806713
Armorines: Project S.W.A.R.M.,0.93008596
Gundam Seed: Battle Assault,0.89300066
Harvey Birdman: Attorney at Law,1.0337313
Chibi Maruko-Chan: Harikiri 365-Nichi no Maki,-0.39471734
The Voice,0.8070322
SaGa 3: Jikuu no Hasha - Shadow or Light,-0.2825641
Thomas & Friends: Hero of the Rails,0.59880054
The Secret Saturdays: Beasts of the 5th Sun,1.0269814
Wonder World Amusement Park,1.0269814
Famicom Mini: Adventure Island,-0.27943075
Aliens versus Predator: Extinction,0.86961085
Bejeweled 3,0.70516264
RTX Red Rock,0.7053808
Tokimeki Memorial: Girl's Side,-0.28994095
FIFA Street 2,0.94630563
Smart Bomb,0.75806713
Edna & Harvey: Harvey's New Eyes,0.6016614
Shining Force: Resurrection of the Dark Dragon,0.89300066
Shining Soul II,0.86961085
Orega Kantoku Da! Gekitou Pennant Race,-0.29221427
Guilty Gear XX Accent Core Plus,0.23459077
The Golf Club,0.6556569
Hello Kitty: Roller Rescue,0.930548
Jikkyou Powerful Pro Yakyuu 12,-0.27327466
Metal Slug Advance,0.89300066
Pac-Man World Rally,0.94630563
Gradius Galaxies,0.85612226
Blazing Angels: Squadrons of WWII,0.94630563
God Eater Resurrection,-0.30376357
Mortal Kombat Kollection,0.7148737
NHL 2K7,0.7628691
LEGO Soccer Mania,0.6924732
Blades of Blood: Samurai Shodown III,0.92806315
MotoGP 14,0.68220556
Gundam the 3D Battle,-0.2825641
Air Conflicts: Secret Wars,0.9186981
Face Racers: Photo Finish,1.0493188
Miami Nights: Singles in the City,1.0337313
Shovel Knight,0.436967
Godzilla Generations,-0.33205026
Strider 2,0.93008596
Forbidden Siren 2,-0.26784438
Board Game Classics,0.930548
Invizimals: The Alliance,0.40769416
Midnight Play! Pack,1.0337313
Junior Mystery Quest,0.9308927
Death Jr. and the Science Fair of Doom,1.0473824
101-in-1 Sports Megamix,1.0386429
Shin Megami Tensei: Digital Devil Saga 2,0.724224
Pro Evolution Soccer 2013,0.6113167
Transformers: Devastation,0.77131444
Playmobil Pirates,0.7409429
Zatch Bell! Mamodo Battles,0.724224
The Penguins of Madagascar: Dr. Blowhole Returns - Again!,0.6740912
Wildlife Park 3,0.6016614
Get Fit with Mel B,0.75374544
Battleborn,1.0856688
Dream Day: Wedding Destinations,1.0269814
Agatha Christie: Evil Under the Sun,0.70171297
Cloudy With a Chance of Meatballs,0.7409429
Iron Man / X-O Manowar in Heavy Metal,0.92959607
Kamen Rider: Travelers Senki,-0.29464787
Derby Stallion 98,-0.33205026
Pimp My Ride: Street Racing,0.7050956
Pretty Rhythm: My Deco Rainbow Wedding,-0.29464787
Robotron X,0.92959607
Naruto Shippuden: Shinobi Rumble,0.029970586
Martian Panic,1.0386429
J-League Winning Eleven 2009: Club Championship,-0.26254725
Don King Boxing,0.6839478
Build 'n Race,1.0269814
Grand Prix Challenge,0.6924732
Meitantei Conan & Kindaichi Shounen no Jikenbou: Meguri au Futari no Meitantei,-0.26254725
Guilty Gear Xrd -Revelator-,-0.0053012967
FIFA Soccer 2005,0.89300066
PoPoLoCrois (JP sales),-0.27327466
ShellShock 2: Blood Trails,0.7050956
Ken to Mahou to Gakuen Mono. 2,-0.26254725
Mega Man Legacy Collection,0.87563175
Knights Contract,0.6740912
Kaijuu Busters Powered,-0.2825641
NHL 06,0.930548
The Spiderwick Chronicles,0.7566618
Initial D: Extreme Stage,-0.25570953
Pinobee: Wings of Adventure,0.85612226
Touch Mechanic,1.0337313
State of Emergency 2,0.72068024
Sushi Academy,1.0269814
Gintama Gin-Oh Quest: Gin-San ga Tenshoku Shitari Sekai wo Sukuttari,-0.25970697
One Piece: Romance Dawn - Bouken no Yoake,-0.29464787
I Am In The Movie,-0.2851689
Fatal Frame III: The Tormented,0.724224
Zero: Tsukihami no Kamen,-0.26115346
Seven Samurai 20XX,0.7196295
Generator Rex: Agent of Providence,0.6563534
Adventure Time: The Secret of the Nameless Kingdom,0.6357563
Risen 3: Titan Lords,0.74366593
"Hisshou Pachinko*Pachi-Slot Kouryaku Series DS Vol. 2: Shinseiki Evangelion - Shito, Futatabi",-0.25570953
Transformers: Devastation,0.7096727
Jikkyou Powerful Pro Yakyuu 15,-0.25570953
Tornado Outbreak,0.7409429
Ninjabread Man,0.7610299
Tom Clancy's Splinter Cell: Pandora Tomorrow,0.89300066
DanceDanceRevolution,1.0565481
Battlefield 2,0.6175124
Slayers Royal,-0.33205026
Swingerz Golf,0.8580011
Pro Evolution Soccer 2008 (JP sales),-0.25970697
Murder in Venice,0.65731907
Titanfall 2,0.78126997
Persona 4: Arena Ultimax,0.67258257
Supremacy MMA,0.65731907
Pretty Rhythm Rainbow Live: Kira Kira My * Design,-0.29464787
The King of Fighters 2006,-0.12614852
The Hidden,1.0493188
Nobunaga's Ambition: Rise to Power,-0.27943075
FIFA Soccer 2003,0.8580011
DaGeDar,1.0565481
Little League World Series Baseball 2010,0.7355274
Outlaw Golf,0.8580011
Steins;Gate: Hiyoku Renri no Darling,-0.2825641
Major League Baseball 2K11,0.6563534
King's Field (Japan),-0.3905183
Slam 'n Jam '96 featuring Magic & Kareem,0.6861333
Petz: Dogz Family,0.6839032
My English Coach: Para Hispanoparlantes,0.7409429
ToraDora Portable!,-0.26254725
The Italian Job,0.86961085
Smuggler's Run: Warzones,0.8580011
SafeCracker: The Ultimate Puzzle Adventure,0.978321
Warriors Orochi 3 Hyper,0.58510023
Diva Girls: Divas on Ice,0.7409429
NBA 10: The Inside,0.7409429
Kaidan Restaurant: Ura Menu 100-Sen,-0.27008808
Qubed,0.7409429
R/C Stunt Copter,0.67450184
Yamakawa Shuppansha Kanshuu: Shousetsu Sekaishi B,-0.25970697
Cartoon Network: Punch Time Explosion XL,0.9308927
Final Fantasy VI,-0.31220967
PAC-MAN and the Ghostly Adventures,0.42910016
WSC Real 11: World Snooker Championship,0.40487236
Pop'n Music,0.7409429
Jikkyou Powerful Major League 2009,-0.26254725
Space Channel 5 Special Edition,0.7053808
The Legend of Alon D'ar,0.6856279
Uta no Prince-Sama: All Star After Secret,-0.30376357
The Sims 3: Fast Lane Stuff,0.45848143
Black/Matrix,-0.33205026
My Friends,0.7409429
Big Mutha Truckers,0.86961085
Man vs. Wild,0.7355274
The King of Fighters '96,-0.46236867
Legend of the Guardians: The Owls of Ga'Hoole,0.66616035
Super Robot Taisen OG Saga: Endless Frontier,0.7566618
Sniper: Ghost Warrior 2,0.73149693
Samurai Shodown Sen,0.95936203
NHL Breakaway 99,0.86055505
Tony Hawk's Pro Skater 3,0.8580011
Iggy's Reckin' Balls,0.85445404
The Space Bar,-0.36695838
Bust-A-Move 2 Arcade Edition,0.8540491
Knife Edge: NoseGunner,0.85445404
Wetrix,0.85445404
EyeCreate,0.6203123
Samurai Western,0.7196295
Looney Tunes: Acme Arsenal,0.70574677
Line Rider 2: Unbound,0.7566618
Princess in Love,0.7409429
Harry Potter and the Sorcerer's Stone,0.86961085
High Heat Major League Baseball 2004,0.86961085
TimeSplitters: Future Perfect,0.930548
Pro Cycling Manager 2016,0.66288805
Sports Collection,0.66616035
Captain Tsubasa: New Kick Off,0.11676434
Puzzler Mind Gym 3D,0.73596466
"Warhammer 40,000: Dawn of War II - Retribution",0.40487236
Kenshuui Tendo Dokuta,-0.27943075
Super Sentai Battle: Ranger Cross,-0.2825641
The Sims 2: Ikea Home Stuff,0.61426455
AKB1/149: Love Election,-0.29464787
Pilot ni Narou! 2,-0.29108357
Gradius III and IV,0.6783509
Ken to Mahou to Gakuen Mono. Final: Shinnyusei wa Ohimesama,-0.2825641
Sherlock Holmes: Crimes & Punishments,0.76217824
Incredible Crisis,0.6725301
Midway Arcade Treasures 3,0.930548
SingStar Apres-Ski Party 2,0.40539086
Samurai Shodown III,-0.3793789
The King of Fighters EX2: Howling Blood,0.8580011
Cabela's North American Adventures,0.6883241
Akiba's Trip Plus,-0.2851689
Famicom Mini: SD Gundam World Gachapon Senshi - Scramble Wars,-0.27943075
Little League World Series Baseball: Double Play,0.7355274
Kobitodzukan: Kobito no Fushigi - Jikken Set,-0.29464787
Bakugan: Rise of the Resistance,0.65731907
Ice Age 2: The Meltdown,0.7035756
Famicom Mini: Star Soldier,-0.27943075
Sentimental Graffiti 2,-0.29221427
Shonen Jump's One Piece: Pirates Carnival,0.930548
The Bachelor: The Videogame,0.7355274
Goblin Commander: Unleash the Horde,0.86961085
Doraemon: Nobita and the Island of Miracles,-0.2851689
Gekijouban Madoka Magicka: The Battle Pentagram,-0.29464787
Sentimental Graffiti: First Window,-0.35089386
Cartoon Network Collection: Game Boy Advance Video Volume 2,0.89300066
Knights Contract,0.961835
Tempest 3X,0.6861333
Hidden Invasion,0.6856279
A-Train,-0.018067122
Get Fit with Mel B,0.4353536
Disney's Meet the Robinsons,0.7610299
Superman: Shadow of Apokolips,0.86961085
Pony Friends 2,0.7573478
Armored Core 3 Portable,-0.26254725
PAC-MAN and the Ghostly Adventures,0.67193717
Bleach: Erabareshi Tamashii,-0.27327466
Sengoku Musou 3: Moushouden,-0.2825641
Witches & Vampires: The Secrets of Ashburry,0.6715329
Batman: Dark Tomorrow,0.86961085
Pac-Man and the Ghostly Adventures 2,0.76217824
Crush,0.7610299
Discovery Kids: Spider Quest,0.7409429
Yuu Yuu Hakusho: Makyo Toitsusen,-0.3905183
The First Templar,0.6563534
Rock Revolution,0.7613435
Ogre Battle Series: Tactics Ogre,0.67899984
Ultimate Card Games DS,0.7566618
Jillian Michaels Fitness Ultimatum 2010,0.7409429
Battlestar Galactica,0.86961085
Fireblade,0.8580011
Earth Defense Force 2017,0.08605346
Tomb Raider: Legend,0.94630563
Boxing Fever,0.85612226
RoadKill,0.86961085
The $1 Pyramid,0.73596466
Game of Thrones,0.6113167
From Russia With Love,0.7628691
UEFA Euro 2016,0.2425468
7 Wonders of the Ancient World,0.7610299
Gintama: Gin-San to Issho! Boku no Kabuki Machi Nikki,-0.25970697
Lost Dimension,0.04332471
Indycar Series 2005,0.89300066
Resident Evil 6,0.47625518
Final Fantasy XI: Vana'diel Collection 2008,0.5688214
Assassin's Creed: Rogue,0.66235745
Taz Wanted,0.8580011
Drama Queens,0.7409429
Wordfish,0.7566618
Tomb Raider: Underworld,0.42707485
Penny Racers Party: Turbo-Q Speedway,0.7566618
Skydiving Extreme,0.6856279
Evil Dead: Regeneration,0.930548
Evolution Worlds,0.8580011
Far Cry Vengeance,0.7035756
Petz Fantasy: Sunshine Magic,0.7355274
Code Lyoko: Fall of X.A.N.A.,0.7566618
Worms: A Space Oddity,0.9368308
Motto! Stitch! DS Rhythm de Rakugaki Daisakusen,-0.27008808
Rapala Pro Bass Fishing 2010,0.6883241
Dungeon Travelers 2: The Royal Library & The Monster Seal,-0.29464787
MLB Front Office Manager,0.7409429
Sub Rebellion,0.6924732
Horrid Henry's Horrid Adventure,0.59880054
X Rebirth,0.8849076
Striker 96,0.6861333
Pocket Dogs,0.89300066
Tokimeki Memorial 4,-0.26254725
Bleach: Heat the Soul 4,-0.25970697
Song of the Deep,0.47625518
Dragon's Dogma Online,-0.30376357
Real Robots Final Attack,-0.45600718
New International Track & Field,0.7566618
World Series of Poker 2008: Battle for the Bracelets,0.70574677
P.N.03 - Product Number Three,0.86961085
Boku no Natsuyasumi 3: Hokkoku Hen: Chiisana Boku no Dai Sougen​,-0.25970697
Ape Escape: Pumped & Primed,0.7196295
Super Monkey Ball Adventure,0.6819286
Monster Trucks DS,0.75806713
FabStyle,-0.2825641
Outlaw Tennis,0.724224
Medabots Dual: Kabuto / Kuwagata,-0.29464787
Happy Feet Two,0.7063565
Adventure Time: Explore the Dungeon Because I Don't Know!,0.7574656
LEGO Soccer Mania,0.8580011
Worms: Open Warfare,0.6819286
Resident Evil Zero,0.6879924
Gadget Racers,0.6783509
Phantasy Star Online Episode III: C.A.R.D. Revolution,0.86961085
Assassin's Creed The Ezio Collection,0.78126997
ZhuZhu Babies,0.6563534
Bleach: Heat the Soul 7,-0.27008808
Nanashi no Game,-0.25570953
Diego's Build & Rescue,0.7355274
Auto Destruct,0.67450184
Ultimate Ghosts 'n Goblins,0.7628691
Samurai Warriors 2,0.9959979
TrackMania DS,0.70171297
Dangerous Ji-San to 1000-nin no Otomodachi Yokoshima,-0.2851689
GOTHA: Ismailia Seneki,-0.3793789
Ultimate Fighting Championship: Throwdown,0.8580011
Major League Baseball 2K12,0.7551478
Zoo Tycoon (2013),0.9831991
Silent Hunter III,0.6175124
Alien Syndrome,0.7610299
Deep Fear,-0.33205026
Skeleton Warriors,0.68462026
Ford vs. Chevy,0.930548
Endgame,0.6924732
The Dukes of Hazzard: Return of the General Lee,0.89300066
Criminal Girls: Invite Only,-0.27008808
Ultimate Duck Hunting,0.7409429
Just Dance: Disney Party 2,0.7096727
Dreamer Series: Shop Owner,0.7409429
Virus,-0.35089386
Jikkyou Powerful Pro Yakyuu Next,-0.26254725
The Sims 3: Barnacle Bay,0.73596466
WWE Crush Hour,0.86961085
Metal Gear Solid V: The Phantom Pain,0.6491111
Dragon Shadow Spell,-0.25970697
Dragon Slayer: The Legend of Heroes,-0.3905183
Sound Novel Tsukuru,-0.36695838
The Idolm@ster,-0.25970697
Momotarou Dentetsu 11,-0.41308594
NHL Hitz 20-03,0.8580011
Adventure Time: Finn & Jake Investigations,1.066553
Guilty Gear XX Slash,-0.26784438
C.O.P.: The Recruit,0.6839032
Mission Runway,0.978321
Urban Reign,0.724224
Super Robot Taisen Z Special Disc,-0.26254725
Slayers Royal 2,-0.33205026
Cate West: The Vanishing Files,0.7409429
Soul Bubbles,0.6882688
Resident Evil 3: Nemesis,0.86961085
All-Star Baseball 2004,0.86961085
Bangai-O Spirits,0.7566618
Valentino Rossi: The Game,0.47419176
Ultimate Party Challenge,0.7409429
Team Elimination Games,0.7409429
Whac-A-Mole,0.75806713
Samurai Warriors Chronicles 3,-0.29939067
Winter Stars,0.4574335
Dawn of Heroes,0.7355274
Lost in Blue: Shipwrecked,0.7566618
Salon Superstar,0.7409429
Scooby-Doo! Who's Watching Who?,0.7628691
Madden NFL 08,0.9403032
Aliens in the Attic,0.7409429
Ro-Kyu-Bu!,-0.2825641
Frogger Beyond,0.8580011
Katekyoo Hitman Reborn! DS: Flame Rumble Kaien Ring Soudatsuen!,-0.25970697
World Championship Poker: Deluxe Series,0.75806713
Stuart Little 3: Big Photo Adventure,0.724224
"Ni Hao, Kai-lan: Super Game Day",0.7050956
Serious Sam 3: BFE,0.4574335
Ultimate Shooting Collection,0.7566618
Pro Yakyuu Famista DS 2010,-0.27008808
Katekyoo Hitman Reborn! DS: Flame Rumble Hyper - Moeyo Mirai,-0.25570953
Captain Tsubasa,-0.26784438
Infernal: Hell's Vengeance,0.6839478
Pitfall: The Lost Expedition,0.89300066
No One Can Stop Mr. Domino!,0.67450184
Man vs. Wild,0.73596466
GT Advance 3: Pro Concept Racing,0.61880034
Duke Nukem: Land of the Babes,0.6783509
Majin Tensei,-0.3905183
Yoru no Nai Kuni,-0.30376357
Dragon Force II: Kamisarishi Daichi ni,-0.33205026
Monkey Hero,0.67450184
Sumikko Gurashi: Mura o Tsukurundesu,-0.30965447
Puchi Puchi Virus,0.7610299
Krazy Ivan,0.6861333
Need For Speed: Undercover,0.61426455
Quo Vadis,-0.3793789
Need for Speed: Most Wanted,0.40477005
PQ: Practical Intelligence Quotient,0.75806713
The Wolf Among Us,0.6556569
Fate/Tiger Colosseum,-0.25970697
SCORE International Baja 1000: The Official Game,0.7566618
10 Minute Solution,0.66616035
Dragon Ball Z: The Legacy of Goku I & II,0.6766238
Family Game Night 4: The Game Show,0.73596466
R: Racing Evolution,0.86961085
Romance of the Three Kingdoms 13,-0.19003922
Zero Escape: Zero Time Dilemma,0.2143327
Stella Deus: The Gate of Eternity,0.7196295
Vietcong: Purple Haze,0.89300066
Conflict: Desert Storm,0.86961085
One Piece: Gear Spirit,-0.25970697
Tales of Fandom Vol.2,-0.25970697
Genkai Totsuki Moero Chronicle,-0.29939067
Minna no Joushiki Ryoku TV,-0.25570953
P.T.O. IV: Pacific Theater of Operations,0.6924732
Bella Sara,0.7148737
Tears to Tiara: Garland of the Earth,-0.25570953
The Penguins of Madagascar: Dr. Blowhole Returns - Again!,0.6740912
Backyard NBA Basketball,0.7610299
Mind Quiz: Your Brain Coach,-0.26784438
Elebits: The Adventures of Kai and Zero,0.7566618
Aikatsu! My No.1 Stage!,-0.30376357
Codename: Kids Next Door: Operation S.O.D.A.,0.6536771
Far Cry Instincts Evolution,0.94630563
Pinball Hall of Fame: The Gottlieb Collection,0.89300066
Conception: Please Give Birth to My Child!,-0.2851689
Rayman Origins,0.40477005
Medal of Honor: Underground,0.61880034
Super Football,0.556092
The Idolmaster: Gravure For You! Vol. 3,-0.2825641
Cosmic Family,0.7610299
Scooby-Doo! Unmasked,0.930548
Yoru no Nai Kuni,-0.30376357
Driven,0.8580011
Dynasty Warriors 3,0.8580011
Tennis no Oji-Sama Gyutto! DokiDoki Survival - Umi to Yama no Love Passion,-0.2825641
Nicola Kanshuu: Model Oshare * Audition Platina,-0.2851689
Jimmie Johnson's Anything With an Engine,0.73596466
MTV Music Generator 3: This Is the Remix,0.89300066
Fairy Tail: Portable Guild 2,-0.2825641
Party Pigs: Farmyard Games,0.7409429
Imagine: My Restaurant,0.60689795
Grand Ages: Medieval,0.37753057
Wizardry: Llylgamyn Saga,-0.45600718
Supremacy MMA,0.49477243
Kinnikuman Muscle Grand Prix Max 2: Tokumori,-0.33858824
Gale Racer,-0.46998757
In The Groove,0.724224
The Legend of Kage 2,0.7566618
Myst,-0.4704538
World Tour Soccer 06,0.7628691
Baroque,0.7566618
Lost Dimension,0.34896246
Killer Instinct (2013),0.67193717
AKB1/149: Love Election,-0.370077
Naruto Shippuden: Gekito Ninja Taisen! EX 3,-0.33858824
Boku no Natsuyasumi Portable 2: Nazo Nazo Shimai to Chinbotsusen no Himitsu,-0.35575855
Magic Pengel: The Quest for Color,0.6924732
Super Baseball,0.556092
Kenka Banchou 6: Soul & Blood,-0.3786013
Jikkyou Powerful Pro Yakyuu 2011 Ketteiban,-0.36941952
Kung Fu Panda: Legendary Warriors,0.7566618
Formula One World Championship: Beyond the Limit,-0.46998757
Medabots 8,-0.3756907
Divinity: Original Sin,0.69577503
Little League World Series Baseball: Double Play,0.7355274
Hakuouki DS,-0.35575855
Buster Bros. Collection,0.67899984
Agatha Christie: And Then There Were None,0.70171297
Sony Computer Science Kenkyuujo Mogi Kenichirou Hakase Kanshuu: Nou ni Kaikan Aha Taiken!,-0.34377784
Grease Dance,0.65731907
Mega Man Battle Network: Operation Shooting Star,-0.33938116
Futurama,0.7053808
Famicom Mini: Hikari Shinwa: Palutena no Kagami,-0.36265743
The History Channel: Battle for the Pacific,0.7566618
Animal Kingdom: Wildlife Expedition,0.7409429
Rayman 3: Hoodlum Havoc,0.86961085
Momotarou Dentetsu Tag Match: Yuujou - Doryoku - Shouri no Maki!,-0.35575855
Superman Returns,0.7628691
My First Songs,0.40539086
Super Ghouls 'n Ghosts,0.61880034
Boxing,0.6783509
NHL Open Ice,0.68462026
Legend of the Guardians: The Owls of Ga'Hoole,0.66616035
Gundam Battle Tactics,-0.34907782
Touch Detective: Nameko Shigeru,-0.37206173
Need for Speed Underground 2,0.42166704
Sky Gunner,0.6856279
And1 Streetball,0.94630563
Gladius,0.635346
The Hustle: Detroit Streets,0.75806713
PhotoKano,-0.37206173
Warriors Orochi 3,-0.37206173
Real Sound: Kaze no Riguretto,-0.46236867
Blood Drive,0.7355274
Again,0.7409429
Soccer Tsuku: Pro Soccer Club o Tsukurou!,-0.37206173
Summon Night 4,-0.370077
Escape Dead Island,0.68220556
Torchlight,0.41479307
Pac-Man World 3,0.75806713
Rogue Trooper: Quartz Zone Massacre,0.38918042
Hero Bank,-0.3756907
Disney's Planes,0.67193717
Winx Club,0.6766238
World Party Games,0.7409429
Classic Road,-0.4704538
Cartoon Network: Punch Time Explosion XL,0.73596466
Utawarerumono: Itsuwari no Kamen,-0.3786013
Damage Inc.: Pacific Squadron WWII,0.7551478
My Fun Facts Coach,0.7566618
The Idolm@ster: Live for You!,-0.33858824
Tokimeki Memorial Girl's Side Premium: 3rd Story,-0.370077
Smashing Drive,0.7063565
Open Season,0.7628691
Mega Man Xtreme,-0.44361383
America's Next Top Model,0.7355274
Bomberman Max 2: Red Advance,0.61880034
F.E.A.R. 2: Project Origin,0.70290697
Margot's Word Brain,0.7566618
Toy Soldiers: War Chest,0.44144428
Godai: Elemental Force,0.6924732
Chronicles of Mystery: The Secret Tree of Life,0.751047
Still Life,0.6766238
Big Mutha Truckers 2,0.6766238
Hang On GP,-0.4704538
Uprising X,0.67450184
SpongeBob's Truth or Square,0.7573478
Mega Man Xtreme 2,-0.4318744
"Sesame Street: Ready, Set, Grover!",0.73596466
I-Ninja,0.6342515
Sigma Harmonics,-0.33858824
Gunblade NY & L.A. Machineguns Arcade Hits Pack,0.66616035
The Lord of the Rings: The Battle for Middle-Earth,0.659629
Kessen III,0.7196295
Learn Geography,0.7409429
Harlem Globetrotters: World Tour,0.7628691
The King of Fighters Collection: The Orochi Saga,0.7566618
Summon Night,-0.33858824
Aero Elite: Combat Academy,0.6924732
"3 in 1: Solitaire, Mahjong & Tangram",0.59880054
Wrath Unleashed,0.7196295
Beyond Good & Evil,0.635346
Divinity II: Ego Draconis,0.4579183
Pong / Asteroids / Yars' Revenge,0.6766238
Commandos 2: Men of Courage,0.61880034
Emergency 2012,0.50037616
Winter Sports 2: The Next Challenge,0.70171297
NOëL: La Neige,-0.45600718
Busou Shinki: Battle Masters,-0.35575855
Overlord: Minions,0.7409429
Roll Away,0.67450184
Derby Jockey: Kishou e no Michi,-0.46998757
Fairy Fencer F: Advent Dark Force,-0.19003922
Harukanaru Toki no Naka de 4,-0.33858824
Roogoo Attack!,0.7409429
Maximum Chase,0.61880034
Prey the Stars,0.7566618
Winning Post 7 2012,-0.370077
Spot Goes to Hollywood,0.68462026
G Darius,0.67899984
Mucha Lucha! Mascaritas of the Lost Code,0.6342515
SD Gundam: Gashapon Wars,-0.34907782
Alvin and the Chipmunks,0.72080874
Hearts of Iron III,0.502138
Picture Perfect Hair Salon,0.7409429
River King: Mystic Valley (US sales),0.7610299
Kengo: Legend of The 9,0.7035756
Romance of the Three Kingdoms XI,-0.3384778
Hammerin' Hero,0.39834413
Model * Oshare Audition: Dream Girl,-0.37206173
Lupin Sansei: Shijou Saidai no Zunousen,-0.35575855
Dark Souls III,0.66288805
Petz Fantasy 3D,0.73596466
WRC 2: FIA World Rally Championship,0.40487236
Archer Maclean's 3D Pool,0.6342515
Tak: The Great Juju Challenge,0.6766238
TMNT: Mutant Melee,0.69848895
Combat: Task Force 121,0.6766238
Winning Eleven Playmaker 2010: Aoki Samurai no Chousen,-0.35575855
Goosebumps HorrorLand,0.7148737
Exhibition Volume 4,0.6342515
Viewpoint,0.6861333
Code Geass: Hangyaku no Lelouch - Lost Colors,-0.33858824
Disney's Donald Duck Advance,0.609157
Stacked with Daniel Negreanu,0.72068024
Hakuouki: Yuugi Roku,-0.35575855
The Rub Rabbits!,-0.08328271
Rapala Pro Bass Fishing 2010,0.38443232
Let's Ride! Friends Forever,0.7566618
Circus Maximus: Chariot Wars,0.61880034
Squishy Tank,0.7355274
Dungeon Maker II: The Hidden War,0.40260738
Discovery Kids: Parrot Pals,0.7409429
Kenyuu Densetsu Yaiba,-0.46998757
Kidou Senshi Gundam: Giren no Yabou - Axis no Kyoui V,-0.34584665
Kidou Senshi Gundam: Giren no Yabou - Axis no Kyoui V,-0.34584665
Elements of Destruction,0.7610299
Serious Sam: Next Encounter,0.7196295
Eiken DS,-0.3384778
Game Center CX: Arino no Chousenjou 2,-0.34584665
Tom Clancy's Ghost Recon 2,0.69848895
E.X. Troopers,-0.370077
The Croods: Prehistoric Party!,0.46077764
J Legend Retsuden,-0.37206173
SpongeBob's Truth or Square,0.502138
Port Royale 3,0.4028887
Monster Racers,0.23480934
The King of Fighters: Evolution,-0.44361383
DS Uranai Seikatsu,-0.34584665
Hyperdimension Neptunia Re;Birth 3,0.36978227
Pro Farm 1,0.40487236
Pitfall: The Lost Expedition,0.6342515
Rock Band Country Track Pack 2,0.73596466
Speed Zone,0.4579183
All-Star Baseball 2004,0.6342515
Cho~ricchi! Tamagotchi no Puchi Puchi Omisecchi,-0.370077
Jewel Time Deluxe,0.6740912
James Cameron's Dark Angel,0.61880034
The Legend of Heroes: Trails in the Sky Third Chapter,-0.33858824
Aqua Teen Hunger Force: Zombie Ninja Pro-Am,0.4682348
Hannspree Ten Kate Honda: SBK Superbike World Championship,0.4682348
Generator Rex: Agent of Providence,0.34597296
Alexi Lalas International Soccer,0.67450184
Dream Trigger 3D,0.42042238
Monster Rancher Battle Card: Episode II,0.6783509
NCAA College Football 2K3,0.3263292
Karaoke Revolution Party,0.3626926
Crayola: Colorful Journey,0.7409429
Itoi Shigesato no Bass Tsuri No. 1 Ketteihan!,-0.44361383
Jumper: Griffin's Story,0.4684817
Operation Darkness,0.7610299
Emily the Strange: Strangerous,0.38672817
Famicom Mini: Nazo no Murasame-Jou,-0.36265743
Galerians: Ash,0.46487567
Dead Island: Riptide,0.6200986
Jimmie Johnson's Anything With an Engine,0.73596466
R-Type Command,0.14545396
Yoostar on MTV,0.7613435
Just Dance: Disney Party 2,0.36192238
Kane & Lynch 2: Dog Days,0.40539086
Haunting Ground,0.47158358
Mahjong Fight Club DS: Wi-Fi Taiou,-0.34377784
"Hi! Hamtaro - Little Hamsters,big Adventures: Ham-Ham Challenge",0.75806713
Grand Kingdom,-0.1453135
Robocalypse,0.7566618
Vampire Knight DS,-0.34584665
Disney Sports Skateboarding,0.61880034
Homie Rollerz,0.7566618
Let's Paint,0.7355274
Rugby League 3,0.40539086
Magi: The Labyrinth of Beginning,-0.37206173
Escape Dead Island,0.76217824
Tom Clancy's Splinter Cell: Chaos Theory,0.40490693
The Croods: Prehistoric Party!,0.7574656
I Don't Have Many Friends Portable,-0.370077
SimCity 4: Deluxe Edition,0.4219776
Jewel Link Chronicles: Legend of Athena,0.40487236
CSI: Dark Motives,0.37408775
Burnout Paradise: The Ultimate Box,0.26153386
Loons: The Fight For Fame,0.61880034
Romance of the Three Kingdoms IX,0.46928823
Second Sight,0.6536771
Metal Gear Solid,-0.44361383
The Legend of Heroes: Trails in the Sky First Chapter,-0.3786013
Totaled!,0.61880034
Bleach: Heat the Soul 3,-0.34377784
Ecco: The Tides of Time,-0.4675321
Make 10: A Journey of Numbers,-0.3384778
Fantasy Aquarium by DS,0.7566618
Rock Band Track Pack: Classic Rock,0.7409429
Operation Flashpoint: Red River,0.23599154
Machine Head,0.68462026
Vanguard Bandits,0.67450184
MLB Front Office Manager,0.38918042
Lost Heroes,-0.370077
Vampire Legends: Power of Three,0.7355274
Child of Light,0.15936124
The Legend of Heroes VII: The Trail of Zero,-0.370077
Shin Chan Contra ¡Los Plastas!,-0.34584665
Haikyuu!! Tsunage! Itadaki no Keshiki!!,-0.3756907
Silent Hill: Origins,0.4684817
Blast Radius,0.67450184
ESPN National Hockey Night,0.46489683
Tornado,0.7613435
Cut the Rope,0.40728945
Resident Evil: Revelations 2,0.36787722
Pro Yaky? Spirits 2011,-0.36941952
Taz Wanted,0.61880034
Disaster: Day of Crisis,-0.1441791
Shounen Sunday x Shounen Magazine: Nettou! Dream Nine,-0.34584665
Harry Potter and the Sorcerer's Stone,0.6342515
McFarlane's Evil Prophecy,0.46791384
IA/VT Colorful,-0.3786013
We Sing Rock!,0.40487236
Wallace & Gromit in Project Zoo,0.3332454
Shadowgate 64: Trials of the Four Towers,0.6042021
Super Robot Spirits,-0.63737756
Mia Hamm Soccer 64,0.60707533
John Madden Football,-0.4609794
Caesars Palace Advance: Millennium Gold Edition,0.609157
Aero Gauge,0.5922324
Battlezone: Rise of the Black Dogs,0.60707533
Teenage Mutant Ninja Turtles: Tournament Fighters,0.27274698
Moxie Girlz,0.73596466
Damnation,0.6839478
Samurai Warriors,0.6536771
GunParade Orchestra: Shiro no Shou,-0.34377784
Rec Room Games,0.73596466
Zettai Zetsumei Toshi 3: Kowareyuku Machi to Kanojyo no Uta,-0.34584665
FIFA Soccer 2004,0.3332454
Super Robot Taisen OG Saga: Masou Kishin III - Pride of Justice,-0.37206173
Record of Agarest War,0.016006887
SNK Arcade Classics Vol. 1,0.39834413
Dave Mirra BMX Challenge,0.40404007
Rayman 3: Hoodlum Havoc,0.3332454
Tony Hawk's Pro Skater 5,0.44144428
Tales of Rebirth,-0.33858824
The Guy Game,0.6536771
Let's Ride! Dreamer,0.6766238
Fantasia: Music Evolved,0.67258257
Tecmo's Deception,0.68462026
Point Blank DS (JP sales),-0.34377784
Ghost in the Shell: Stand Alone Complex,0.40490693
G-Saviour,-0.44361383
Open Season,0.40404007
Gintama DS: Yorozuya Daisoudou,-0.34377784
Drake of the 99 Dragons,0.37382177
Dave Mirra BMX Challenge,0.40260738
BlazBlue: Chrono Phantasma,-0.14878446
Crayon Shin-Chan: Obaka Daininden - Susume! Kasukabe Ninja Tai!,-0.35575855
Crimson Sea 2,0.47314808
Tokyo Twilight Ghost Hunters,0.04332471
Higurashi no Nakukoru ni Kizuna: Dai-Ichi-Kan - Tatari,-0.33858824
Doraemon: Nobita to Himitsu Dougu Hakubutsukan,-0.37206173
Ragnarok: Hikari to Yami no Koujo,-0.16342193
Saint Seiya: Brave Soldiers,-0.20385998
Earth Defense Force 2: Invaders from Planet Space,-0.2667914
Digimon World Championship,-0.33858824
AMF Bowling Pinbusters!,0.39834413
RayStorm,0.67899984
Disney's Winnie the Pooh's Rumbly Tumbly Adventure,0.3626926
Dynasty Warriors 8: Empires,0.36978227
Trick DS-han: Kakushi Kami no Sumukan,-0.35575855
Circuit Breakers,0.67450184
Winter Sports 2011,0.40487236
futureU: The Prep Game for SAT,0.39834413
Catwoman,0.35340357
Colosseum: Road to Freedom,0.47158358
Tank! Tank! Tank!,0.08352205
Football Manager 2010,0.41479307
Target: Terror,0.39834413
Mugen Souls Z,-0.010620475
BeatMania,0.46659318
Sprint Cars: Road to Knoxville,0.47158358
Guilty Gear Xrd -Revelator-,0.18950897
Crayon Shin-Chan: Densetsu o Yobu Omake no To Shukkugaan!,-0.34377784
Shrek's Carnival Craze Party Games,0.4684817
Dream Dance & Cheer,0.38918042
Silpheed: The Lost Planet,0.46441993
Billy's Boot Camp: Wii de Enjoy Diet!,-0.36941952
Real Time Conflict: Shogun Empires,0.40490693
Spartan: Total Warrior,0.3626926
Pitfall: The Lost Expedition,0.35340357
Hoppechan: Minna de Odekake! Waku Waku Hoppe Land!!,-0.3756907
Fantastic Four,0.67899984
Yamaha Supercross,0.3710112
Petz: Hamsterz Bunch,0.38918042
Higurashi no Naku Koro ni Matsuri: Kakera Asobi,-0.3384778
River City Ransom EX,0.6536771
Bionicle Heroes,0.36841053
San Goku Shi Taisen Ten,-0.33858824
Ant Nation,0.6839478
Fable: The Lost Chapters,0.47050607
Fairy Tail: Zelef Kakusei,-0.370077
Strike Point,0.68462026
Crazy Taxi 2,-0.4318744
The Sims 2: Seasons,0.24749002
Dragon Slayer: The Legend of Heroes,-0.4640724
Street Fighter II': Special Champion Edition (JP weekly sales),-0.4675321
Pizza Delivery Boy,0.38443232
Tom and Jerry in War of the Whiskers,0.3332454
Keroro RPG: Kishi to Musha to Densetsu no Kaizoku,-0.35575855
Famicom Mini: Wrecking Crew,-0.36265743
Suzumiya Haruhi no Gekidou,-0.34584665
Lost Heroes 2,-0.3786013
Heavenly Guardian,0.40260738
Dynasty Warriors DS: Fighter's Battle,0.094275445
The Testament of Sherlock Holmes,0.40477005
Space Hulk: Vengeance of the Blood Angels,0.6861333
Robot Alchemic Drive,0.46487567
Alpha and Omega,0.38443232
Motor Toon Grand Prix (Japan),-0.529936
Dino Master: Dig Discover Duel,0.40490693
Ken to Mahou to Gakuen Mono. 3,-0.35575855
Tomb Raider: Legend,0.4184963
Warhammer: Battle For Atluma,0.40404007
Hikaru no Go: Heian Gensou Ibunroku,-0.5108089
Eagle Flight,0.47419176
Operation: Vietnam,0.40260738
Samurai Shodown,-0.4675321
OverBlood 2,-0.5328558
Fighter Maker 2,0.46487567
Lifeline,0.46928823
Judie no Atelier: Guramnat no Renkinjutsushi,-0.41308594
Dragon Valor,0.6725301
Tokyo Beat Down,0.39834413
NHL 2005,0.35340357
Midway Arcade Treasures 3,0.3626926
Microsoft Flight Simulator 2004: A Century of Flight,0.4219776
"Horrid Henry: The Good, The Bad and The Bugly",0.40487236
Firefighter F.D.18,0.47314808
Anubis II,0.40260738
Goodbye Deponia,0.40769416
Pro Yaky? Spirits 2014,-0.3756907
Legend of Kay,0.19237888
Cartoon Network: Punch Time Explosion XL,0.3828252
DS Nishimura Kyotaro Suspense 2 Shin Tantei Series: Kanazawa Hakodate - Gokkan no Kyoukoku - Fukushuu no Kage,-0.33858824
The Book of Unwritten Tales 2,0.4210645
Ultimate Board Game Collection,0.40260738
Mega Man X4,-0.46236867
Jackass the Game DS,0.39834413
Jake Power: Handyman,0.39834413
My Dress-Up,0.70171297
Power Pro GB,-0.45600718
Beat City,0.38443232
Sudoku Fever,0.6819286
Inversion,0.42994434
The Putter Golf,0.6856279
Ultimate Marvel vs. Capcom 3,0.06262398
The Powerpuff Girls: Relish Rampage,0.3263292
Super Real Mahjong Graffiti,-0.4704538
Future Card Buddy Fight: Yuujou no Bakunetsu Fight,-0.3786013
Ninja Warriors,-0.4675321
Army Men: RTS,0.35340357
Classic Action: Devilish,0.40490693
Zettai Onkan Otoda Master,-0.3384778
Assassin's Creed Chronicles,0.34723014
Dragoneer's Aria,-0.15950477
Xbox Live Arcade Unplugged Volume 1,0.36841053
TigerShark,0.67899984
Major League Baseball 2K10,0.38443232
Norse by Norsewest: The Return of the Lost Vikings,0.67899984
N+,0.40260738
Titanic Mystery,0.36089763
Backyard NFL Football '09,0.39834413
Obscure,0.47314808
Sega Soccer Slam,0.3263292
Katekyoo Hitman Reborn! DS: Fate of Heat - Hono no Unmei,-0.33858824
Shin Lucky * Star: Moe Drill ~Tabidachi~,-0.3384778
DefCon 5,0.6861333
Secret Service: Ultimate Sacrifice,0.4684817
Transformer: Rise of the Dark Spark (3DS),0.34896246
Deep Labyrinth,0.40404007
Nichibeikan Pro Yakyuu: Final League,-0.41308594
Spawn: Armageddon,0.3332454
God Hand,-0.34377784
Shin Chan: Las Nuevas Aventuras Para Wii!,-0.34377784
Junior Classic Books & Fairytales,0.36089763
Legends of Wrestling II,0.61880034
Fatal Fury: Battle Archives Volume 2,0.4682348
Mario Tennis,0.40539086
Jurassic Park: Operation Genesis,0.3332454
FIFA Soccer 06,0.6766238
Freddi Fish: Kelp Seed Mystery,0.39834413
RedCard 20-03,0.46487567
Brothers in Arms: Furious 4,0.4587745
Future Tactics: The Uprising,0.47314808
Kanji Sonomama DS Rakubiki Jiten,-0.34377784
Driver: Parallel Lines,0.36841053
Hyperdimension Neptunia Victory,-0.3756907
everGirl,0.6766238
Heroes Phantasia,-0.370077
Top Gun,0.3828252
Batman: Rise of Sin Tzu,0.6342515
Chuugaku Eitango Target 1800 DS,-0.34377784
Sherlock Holmes: Crimes & Punishments,0.43230334
Basketball Hall of Fame Ultimate Hoops Challenge,0.38443232
Dragon Ball Z: Battle of Z,0.4628644
World Racing,0.3332454
Resident Evil 5,0.23746511
X-Men: The Official Game,0.6819286
Disney's Party,0.6342515
Generator Rex: Agent of Providence,0.34597296
Storybook Workshop,0.38918042
Command & Conquer 3: Tiberium Wars,0.43492597
Card Games,0.6783509
Tropix,0.39834413
Mega Man: Battle & Chase,-0.5313942
Winning Post 7 2010,-0.35575855
Build-A-Bear Workshop: Friendship Valley,0.4028887
Pipe Mania,0.39834413
Daniel X: The Ultimate Power,0.38443232
Destrega,0.67450184
Fantasy Aquarium World,0.38918042
Nobunaga no Yabou: Tendou with Power-Up Kit,-0.36941952
The Final Round,0.68462026
MAPLUS: Portable Navi,-0.34377784
Rayman Arena,0.37382177
Order Up!!,0.34597296
Reader Rabbit 1st Grade,0.38443232
The King of Fighters 02/03,0.47158358
Port Royale 3,0.4028887
Army Men: Green Rogue,0.40099123
Centipede / Breakout / Warlords,0.6766238
Lucian Bee's: Justice Yellow / Evil Violet,-0.35575855
Sly 2: Band of Thieves,0.1929464
Armored Core: Nine Breaker,0.47314808
Doraemon: Nobita no Shin Makai Daibouken DS,-0.3384778
Terraria,0.28620964
Cabela's Big Game Hunter 2005 Adventures,0.35340357
Worms 3D,0.3332454
BlazBlue: Chrono Phantasma Extend,0.36192238
TRON: Evolution,0.38443232
Pac-Man and the Ghostly Adventures 2,0.36978227
Dark Souls,0.40477005
National Geographic Challenge!,0.4028887
Gambler Densetsu Tetsuya,-0.4318744
The Guided Fate Paradox,-0.44410026
Mayhem 3D,0.3828252
Bleach: Hanatareshi Yabou,-0.34377784
Karaoke Revolution Party,0.3626926
Alex Rider: Stormbreaker,0.4028887
Yoake Yori Ruriiro na: Brighter than Dawning Blue,-0.34377784
Carol Vorderman's Sudoku,0.05772826
Pandemonium 2,0.38702077
Gundam Try Age SP,-0.3756907
WipEout HD Fury,0.18966207
Fallout: Brotherhood of Steel,0.47314808
Dreamer Series: Pop Star,0.4169612
Penguins of Madagascar,0.4137996
12-Sai. Honto no Kimochi,-0.3756907
Parlor! Mini 2,-0.47045535
"Flower, Sun, and Rain",0.39834413
Gunstar Super Heroes,0.6766238
C: The Contra Adventure,0.3864305
Interactive Storybook DS Series 1,0.40260738
Frogger Advance: The Great Quest,0.61880034
Cities XL 2012,0.4574335
Worms Forts: Under Siege,0.35340357
Dream C Club,-0.34584665
Pocky & Rocky with Becky,0.609157
The Tale of Despereaux,0.39834413
Jam Sessions 2,0.38918042
Full Spectrum Warrior: Ten Hammers,0.15352967
Streets of Rage 3,-0.4675321
Just Dance: Disney Party 2,0.36192238
Natural Doctrine,-0.110063255
Hasbro Family Game Night Fun Pack,0.3828252
Pro Yaky? Spirits 4,-0.3384778
Prince of Persia: The Fallen King,0.39834413
My Horse & Me: Riding for Gold,0.37540355
Speed Racer,0.3901942
NHL Hitz Pro,0.3332454
Cardfight!! Vanguard: Lock On Victory!!,-0.3756907
Broken Sword 5: The Serpent's Curse,0.4210645
Alan Wake,0.40477005
Atelier Meruru: Alchemist of Arland 3,-0.44410026
Hot Wheels: Burnin' Rubber,0.609157
Lost in Blue 2,-0.11698967
Ojyousama Express,-0.5328558
Risen 3: Titan Lords,0.49325794
Steambot Chronicles: Battle Tournament,0.14685866
Wings of War,0.35340357
187: Ride or Die,0.3626926
RPG Maker 3,0.1584675
Zatch Bell! Mamodo Battles,0.3626926
Genkai Tokki Monster Monpiece,-0.44410026
Desert Strike Advance,0.61880034
Kabuki Warriors,0.3188818
Discworld,0.3932021
Motion Explosion!,0.34597296
World Poker Tour,0.3626926
Age of Empires III: The Asian Dynasties,0.20343849
Elite Forces: Unit 77,0.38918042
IL-2 Sturmovik: Birds of Prey,0.38918042
Moshi Monsters: Katsuma Unleashed,0.42910016
Pirates: The Legend of Black Kat,0.3263292
July,-0.5328558
Crime Lab: Body of Evidence,0.36089763
Disney's Chicken Little: Ace In Action,0.40404007
ESPN Winter X-Games: Snowboarding 2002,0.6027404
Bleach: Versus Crusade,-0.429336
Kanon,-0.5293663
NanoBreaker,0.15464112
You Don't Know Jack,0.3828252
Bionicle,0.3332454
GRID 2,0.40769416
Cabela's Trophy Bucks,0.39834413
Cosmos Chaos!,0.38443232
Guitar Freaks 3rdMIX & DrumMania 2ndMIX,-0.5293663
Taiko no Tatsujin: Atsumete Tomodachi Daisakusen!,-0.45519894
Criminal Girls: Invite Only,-0.23427522
Miami Vice: The Game,0.40404007
Samurai Warriors Chronicles 3,-0.4461637
BMX XXX,0.3263292
Disney's Magical Quest 2 Starring Mickey and Minnie,0.6342515
Bullet Girls,-0.4461637
One Piece: Unlimited World Red,0.15936124
Aggressive Inline,0.3263292
Ikki Tousen: Xross Impact,-0.42539644
Smart Boy's Toys Club,0.39834413
Insecticide,0.39834413
Super Mahjong 2: Honkaku 4Jin Uchi,-0.5269217
XGRA: Extreme G Racing Association,0.1636275
Mitsukete! Keroro Gunsou: Machigai Sagashi Daisakusen de Arimasu!,-0.44083273
Family Trainer: Treasure Adventure,0.1929464
Pop'n Music Portable 2,-0.4327445
Kamen Rider: Dragon Knight,0.38918042
Darksiders II,0.36787722
Ys vs. Sora no Kiseki: Alternative Saga,-0.42539644
Naruto: Ultimate Ninja Heroes (JP sales),-0.4607033
Akagawa Jirou Mystery: Yasoukyoku - Hon ni Manekareta Satsujin,-0.429336
Ray Tracers,0.38702077
Mario vs. Donkey Kong: Tipping Stars,-0.45519894
Tournament of Legends,0.40309042
Frogger: Helmet Chaos,0.40490693
Escape from Bug Island,0.20253795
Nicola Kanshuu: Model * Oshare Audition,-0.42539644
Hisshou Pachinko*Pachi-Slot Kouryaku Series Vol. 14: CR Shinseiki Evangelion: Saigo no Mono,-0.42168802
Cold Stone Creamery: Scoop It Up,0.38918042
My Pet Shop,0.39834413
James Bond 007: Blood Stone,0.36089763
Kururin Paradise,-0.5108089
Gradius Collection,0.0035409331
Kiniro no Corda 2,-0.44083273
Dynasty Warriors Vs,-0.44165605
Fist of the North Star: Ken's Rage 2,0.03872609
Gallop Racer 2004,0.1584675
Sunrise Eiyuutan R,-0.5293663
Rayman: Hoodlum's Revenge,0.6766238
Mobile Suit Gundam Seed: Never Ending Tomorrow,0.1584675
F1 2001,0.3188818
Utawarerumono: Futari no Hakuoro,-0.46335143
Fishing Master (jp sales),-0.44083273
OK! Puzzle Stars,0.40539086
Zill O'll Infinite Plus,-0.42168802
Tonka Rescue Patrol,0.3332454
GunGriffon II,-0.5328558
Crimson Gem Saga,0.39834413
Monster Tale,0.3828252
Legend of the Dragon,0.40260738
Cel Damage,0.3263292
Backyard Hockey,0.40260738
Famicom Mini: Balloon Fight,-0.49072343
Steins;Gate: Senkei Kousoku no Phonogram,-0.44410026
Seaman 2: Peking Genjin Ikusei Kit,-0.44083273
Chou Gekijouban Keroro Gunsou 3: Tenkuu Daibouken de Arimasu!,-0.429336
Sprung - A Game Where Everyone Scores,0.39944375
Mirror's Edge Catalyst,0.47419176
The Pinball of the Dead,0.61880034
Growlanser IV: Over Reloaded,-0.4327445
Arc the Lad: End of Darkness,0.1584675
The King of Route 66,0.1636275
Tom Clancy's Splinter Cell: Pandora Tomorrow,0.6536771
Western Riding Academy,0.38443232
Bubble Bobble also featuring Rainbow Islands,0.39260012
Intellivision Lives!,0.35340357
Tokobot,0.40490693
Monster Madness: Grave Danger,0.06490591
Panzer Tactics,0.40260738
Pro Yaky? Spirits 2013,-0.44410026
Robotica,-0.529936
Super Robot Wars OG: The Moon Dwellers,-0.46335143
Deathrow: Underground Team Combat,0.3263292
The Amazing Spider-Man 2 (2014),0.43230334
Paws & Claws: Marine Rescue,0.3828252
Land of the Dead: Road to Fiddler's Green,0.3626926
Odin Sphere: Leifthrasir,-0.09574336
R-Types,0.3864305
Star Fighter,0.39260012
Game Center CX: 3-Choume no Arino,-0.4461637
Assetto Corsa,0.21910688
NHL 2K9,0.39834413
Kuukan * Zukei: Hirameki Training - KuuTore,-0.429336
Osu! Tatakae! Ouendan,-0.4766255
Dissidia: Final Fantasy Universal Tuning,-0.42168802
Fast Food Panic,0.38918042
"Warhammer 40,000: Squad Command",0.37408775
Johnny Test,0.3828252
One Piece: Burning Blood,0.12995213
TrackMania Turbo,0.50184774
Pro Evolution Soccer 2015,0.4137996
Jewels of the Ages,0.15115571
Meitantei Conan: Aoki Houseki no Rinbukyoku,-0.4327445
The Legend of Heroes: Trails in the Sky Second Chapter,-0.44083273
Zero Escape: Zero Time Dilemma,-0.21276969
Bionicle Heroes,0.40404007
Mystic Heroes,0.16294998
Tron 2.0: Killer App,0.41833305
Jurassic Park III: Park Builder,0.40099123
Unchained Blades,-0.4327445
NHL Legacy,0.44144428
Rurouni Kenshin: Meiji Kenkaku Romantan Saisen,-0.4327445
Santa Claus Is Comin' to Town!,0.3828252
Disney Infinity 2.0: Marvel Super Heroes,0.21559003
Octomania,0.40260738
Godzilla (2014),-0.4461637
Code Geass: Hangyaku no Lelouch - Lost Colors,-0.429336
Showtime Championship Boxing,0.40260738
LEGO Bionicle,0.40099123
Ansatsu Kyoushitsu: Assassin Ikusei Keikaku!!,-0.46335143
Power Shovel,0.1608988
Bomberman Land,0.40260738
A llI S.V.: A Ressha de Gyoukou 3 Super Version,-0.5312256
My Pet Chimp,0.38443232
Generator Rex: Agent of Providence,0.34597296
Chrysler Classic Racing,0.39834413
Spy Games: Elevator Mission,0.40260738
The Book of Unwritten Tales: The Critter Chronicles,0.19496638
Steins;Gate,-0.15657896
Nights of Azure,0.13016355
Strike Force Bowling,0.3626926
Age of Empires Online,0.23599154
Earth Defense Force 2017 Portable,-0.44165605
Atelier Iris 2: The Azoth Of Destiny,0.15464112
Spy Fox in Dry Cereal,0.39834413
There,0.16294998
Tokimeki no Houkago,-0.5328558
Championship Surfer,0.1608988
Zumba Fitness Core,0.40477005
Lego Batman 3: Beyond Gotham,0.4137996
Di-Gata Defenders,0.39834413
Monster Garage,0.35340357
ZhuZhu Pets: Quest for Zhu,0.3828252
Akai Katana Shin,-0.096333444
A-Train: City Simulator,-0.4461637
Tecmo Classic Arcade,0.3626926
2 Games in 1: Sonic Pinball Party & Columns Crown,0.4175508
Mad Maestro!,0.16215914
Densha De Go! 3 Tsuukinhen,-0.52060217
Biker Mice From Mars,0.15352967
From The Abyss,0.39834413
Jewel Quest IV: Heritage,0.19496638
Daito Giken Koushiki Pachi-Slot Simulator: Ossu! Banchou Portable,-0.4607033
Sudoku Ball Detective,0.38918042
The LEGO Movie Videogame,0.49325794
DuckTales: Remastered,0.39088255
Giants: Citizen Kabuto,0.16215914
Steins;Gate,-0.42168802
Crayon Shin-chan: Arashi o Yobu Kasukabe Eiga Stars!,-0.4461637
Star Wars Knights of the Old Republic II: The Sith Lords,0.25272968
MX vs. ATV Supercross,0.13185501
Grand Kingdom,-0.22220004
Risen 3: Titan Lords,0.21559003
Guilty Gear XX Accent Core Plus,0.15570855
LEGO Batman: The Videogame,0.20075366
Alone in the Dark,0.15570855
Muppets Party Cruise,0.1636275
Higurashi Daybreak Portable,-0.429336
Shonen Jump's One Piece: Grand Battle,0.3626926
Transformer: Rise of the Dark Spark,0.07474229
Barbie Horse Adventures: Wild Horse Rescue,0.3332454
Blast Lacrosse,0.16215914
Kikou Heidan J-Phoenix,-0.52060217
Backyard NFL Football '10,0.15544462
DreamWorks Super Star Kartz,0.34597296
Earth Defense Force 4.1: The Shadow of New Despair,0.13016355
Legend of Kay,0.38443232
Shonen Jump's Shaman King: Legacy of the Spirits - Soaring Hawk/Sprinting Wolf,0.4175508
Bubble Bobble: Old & New,0.4047464
Speed,0.40309042
Naruto Shippuden: Gekito Ninja Taisen! Special,-0.42539644
Jissen Pachislot Secrets! Fist of the North Star F - Seikimatsu Kyuuseishu Densetsu,-0.44165605
Kekkon: Marriage,-0.5312256
KimiKiss,-0.4607033
Nicola Kanshuu: Model * Oshare Audition 2,-0.4327445
Cold Fear,0.3626926
Imagine: Gymnast,0.37540355
Hisshou Pachinko*Pachi-Slot Kouryaku Series Portable Vol. 1: Shinseiki Evangelion - Tamashii no Kiseki,-0.42539644
Challenge Me: Brain Puzzles,0.38918042
Shining Force Feather,-0.42168802
The Technomancer,0.50184774
Kurupoto Cool Cool Stars,0.40260738
Attack on Titan (KOEI),-0.46335143
Cocoto Kart Racer,0.39834413
Mobile Suit Gundam 00: Gundam Meisters,-0.429336
Imagine: Cheerleader,0.38918042
Nazotoki Battle Tore! Densetsu no Makyuu o Fukkatsu Saseyo!,-0.4461637
Theme Park,-0.21792555
Call of Cthulhu: Dark Corners of the Earth,0.3626926
The Great Escape,0.3332454
Blur,0.23736191
Super Robot Wars OG Saga Masou Kishin F: Coffin of the End,-0.4461637
The Next BIG Thing,0.19496638
Metal Gear Solid: Social Ops,0.16294998
Minna no DS Seminar: Kanpeki Eitango Ryoku,-0.4607033
Kirarin * Revolution: Minna de Odorou Furi Furi Debut!,-0.429336
PenPen TriIceLon,-0.5328558
Salt Lake 2002,0.4047464
SBK 2011: FIM Superbike World Championship,0.19496638
DropCast,0.39834413
Alien Syndrome,0.06009817
Vexx,0.3332454
Crazy Chicken Tales,0.38918042
Hagane no Renkinjutsushi - Fullmetal Alchemist: Yakusoku no Hi e,-0.42539644
Mega Man Battle Network 5: Double Team DS (US sales),0.40490693
Attack on Titan (KOEI),0.19676822
Batman: Rise of Sin Tzu,0.3332454
Secret Files: Tunguska,0.11530024
EverQuest II: Destiny of Velious,0.3828252
Unreal Tournament III,0.20343849
Disney Sports Skateboarding,0.3263292
Summon Night 6: Lost Borders,-0.46335143
Summon Night 2,-0.429336
Chou Soujuu Mecha MG,-0.44562536
Pro Evolution Soccer 2012,-0.4327445
Grey's Anatomy: The Video Game,0.3710112
Terminator 3: The Redemption,0.35340357
Arkanoid DS,0.40260738
Call of Duty 2,0.2047812
Big Bang Mini,0.063314706
Rurouni Kenshin: Meiji Kenyaku Romantan - Kansen,-0.44165605
Chevrolet Camaro: Wild Ride,0.38443232
Genkai Tokki: Moero Crystal,-0.45519894
Project Setsuna,-0.46335143
Serious Sam II,0.3626926
Neon Genesis Evangelion,-0.5368152
Song of the Deep,0.0862959
JoJo's Bizarre Adventure: All Star Battle,0.3860864
Digimon All-Star Rumble,0.34896246
The Legend of Heroes VII: The Trail of Blue,-0.4461637
MotoGP 10/11,0.19496638
Cabela's Big Game Hunter (2008),0.40260738
Dead Rising 2: Off the Record,0.38672817
Flipnic: Ultimate Pinball,0.1636275
ICO,-0.4327445
Eigo de Tabisuru: Little Charo,-0.4327445
World Series of Poker 2008: Battle for the Bracelets,0.06009817
NBA Hangtime,0.15559688
Busy Scissors,0.38443232
Dreamer Series: Zoo Keeper,0.38443232
D.C. II P.S.: Da Capo II Plus Situation,-0.429336
The Witcher,0.20343849
Mike Piazza's Strike Zone,0.3158157
Bust-A-Move '99,0.3158157
Star Soldier: Vanishing Earth,0.3158157
Top Gear Hyper-Bike,0.31373554
Brunswick Circuit Pro Bowling,0.31373554
Olympic Hockey 98,0.3158157
CyberTiger,0.31532675
Polaris SnoCross,0.31532675
Penny Racers,0.3158157
S.C.A.R.S,0.3158157
Another Code R: A Journey into Lost Memories,0.0052453876
Virtual Chess 64,0.3158157
Marvel Super Heroes,-0.5313942
Worms Blast,0.3263292
Atelier Sophie: The Alchemist of the Mysterious Book,-0.45519894
Prinny: Can I Really Be The Hero? (US sales),0.4028887
Coded Arms: Contagion,0.06009817
Foster's Home for Imaginary Friends: Imagination Invaders,0.40260738
Smile PreCure! Let's Go! Marchen World,-0.44165605
S.T.A.L.K.E.R.: Call of Pripyat,0.18966207
IHRA Professional Drag Racing 2005,0.106253564
Tokyo Xtreme Racer Advance,0.4175508
Doraemon: Nobita no Uchuu Eiyuuki,-0.45519894
Disney's Kim Possible: Global Gemini,0.37408775
Rock Blast,0.39834413
I Love Beauty: Hollywood Makeover,0.38918042
A New Beginning,0.1929464
World Cup of Pool,0.38918042
Santa Claus Is Comin' to Town!,0.3828252
Create,0.10679871
MLB Power Pros 2008,0.39834413
Combat Elite: WWII Paratroopers,0.15419248
Power Pro Success Legends,-0.42539644
Killer Loop,0.16149911
Cabela's Dangerous Hunts: Ultimate Challenge,0.40404007
Little League World Series Baseball 2008,0.39834413
Worldwide Soccer,-0.529936
Toriko: Gourmet Battle!,-0.44410026
Tony Hawk's Pro Skater 5,0.07376987
Showtime Championship Boxing,0.40260738
Commandos: Strike Force,0.15352967
Mobile Suit Gundam: Gundam vs. Zeta Gundam,0.1584675
Puzzler Collection,0.06490591
Rapala Pro Fishing,0.41833305
Guilty Gear X: Advance Edition,0.4047464
Fate/Tiger Colosseum Upper,-0.429336
Zaidan Houjin Nippon Kanji Nouryoku Kentei Kyoukai Kounin: KanKen DS3 Deluxe,-0.42168802
Warriors of the Lost Empire,0.06009817
Pop Cutie! Street Fashion Simulation,0.39834413
Ford Racing 3,0.4175508
Culdcept Revolt,-0.46335143
Devil's Third,0.36787722
PachiPara 13: Super Umi no Pachi-Pro Fuuunroku,-0.4607033
World Soccer Winning Eleven 9 (US sales),0.059167355
Star Trek: Tactical Assault,0.36841053
Oddworld: Munch's Oddysee,0.41009074
Winning Post 4 Maximum,-0.5293663
Xiaolin Showdown,0.05772826
Exhibition Volume 5,0.106253564
Record of Lodoss War: Eiyuu Sensou,-0.529936
Pro Yakyuu Netsu Star 2007,-0.44083273
Starry ? Sky: In Summer,-0.42539644
Klonoa Beach Volleyball,0.16294998
Melty Blood: Actress Again,-0.42168802
Mahouka Koukou no Rettousei: Out of Order,-0.4461637
3D Lemmings,0.15830994
Hi Hi Puffy AmiYumi: Kaznapped,0.4175508
Broken Sword: The Shadow of the Templars,0.4047464
Resident Evil - Code: Veronica X,0.3332454
Corpse Party: Back to School Edition,0.0862959
Tenchi Muyou! Ryoukouki Gokuraku,-0.5312256
Kelly Slater's Pro Surfer,0.3263292
I Am In The Movie,-0.44165605
Zoo Tycoon: Complete Collection,0.1636275
Trapt,0.15464112
Splat Renegade Paintball,0.11182231
Lord of Magna: Maiden Heaven,-0.4461637
SpongeBob SquarePants: Plankton's Robotic Revenge,0.40769416
Metal Max 4: Gekkou no Diva,-0.44410026
Magi: Aratanaru Sekai,-0.4461637
Worms 3D,0.10449487
Playmobil Knights,0.11172229
MXGP 2,0.12995213
PoPoLoCrois,0.059167355
Dragon Rage,0.16215914
Theresia...,0.06490591
Sacred 2: Fallen Angel,0.19570377
Dance Sensation!,0.38443232
Adventure Time: The Secret of the Nameless Kingdom,0.2104105
Teenage Mutant Ninja Turtles 3: Mutant Nightmare,0.059167355
